shipper_id,shipper_name,shipper_contact_details,product_id,vehicle_maker,vehicle_model,vehicle_color,vehicle_model_year,vehicle_price,quantity,discount,customer_id,customer_name,gender,job_title,phone_number,email_address,city,country,state,customer_address,order_date,order_id,ship_date,ship_mode,shipping,postal_code,credit_card_type,credit_card_number,customer_feedback,quarter_number
2096,Dabfeed,814-95-3742,4328,Toyota,Highlander Hybrid,Purple,2007,80033.81933,1,0.59,10893-520,Tiebout Usherwood,Male,Physical Therapy Assistant,915-325-8233,tusherwoodm1@tinyurl.com,El Paso,United States,Texas,6 Buhler Court,2018-04-04,0363-0637,2018-06-05,Same Day,Air,88574,jcb,2.26E+15,Good,2
2566,Ntag,366-97-3918,3536,Toyota,T100,Violet,1997,75513.03823,2,0.63,30698-202,Ginny Satford,Female,Quality Control Specialist,919-182-4324,gsatfordce@nyu.edu,Raleigh,United States,North Carolina,22199 Fulton Junction,2018-04-04,36987-2526,2018-06-05,Second Class,Air,27610,jcb,2.69E+15,Good,2
2959,Wikizz,768-82-4144,4041,Chevrolet,Cobalt SS,Green,2009,90660.76923,1,0.65,0363-1298,Leopold Shorto,Male,Teacher,559-565-1007,lshorto8u@va.gov,Fullerton,United States,California,90164 Mitchell Point,2018-04-04,43269-834,2018-04-29,Second Class,Truck,92640,visa-electron,3.04E+15,Bad,2
1865,Midel,407-25-1568,3683,Plymouth,Laser,Crimson,1989,87890.76883,2,0.58,60681-1002,Sisile Jammet,Female,Community Outreach Specialist,209-630-9698,sjammeten@reference.com,Visalia,United States,California,7 Stoughton Court,2018-04-04,55711-070,2018-07-05,First Class,Air,93291,americanexpress,3.04E+15,Bad,2
1136,Browsetype,115-08-9699,4441,Nissan,Maxima,Maroon,1996,91547.6452,2,0.68,60560-1072,Huberto Lawdham,Male,Actuary,217-967-3290,hlawdham1q@cnbc.com,Champaign,United States,Illinois,81314 Eggendart Court,2018-04-04,62032-131,2018-04-28,First Class,Air,61825,jcb,1.46E+15,Very Good,2
1770,Oloo,887-81-9493,4476,Dodge,Ram 3500,Blue,1995,69412.73443,2,0.53,65954-382,Brenda Bernardeau,Female,Civil Engineer,505-760-4300,bbernardeauoh@360.cn,Albuquerque,United States,New Mexico,506 Kinsman Junction,2018-04-04,16714-357,2018-07-05,Second Class,Air,87201,instapayment,4.23E+15,Bad,2
3560,Gigaclub,749-45-5048,3931,Mazda,626,Red,1993,90281.92933,2,0.66,53808-0737,Trudi Scapelhorn,Female,Operator,325-245-5031,tscapelhorn5l@booking.com,San Angelo,United States,Texas,6 Shoshone Court,2018-04-04,49288-0864,2018-05-23,Same Day,Air,76905,jcb,3.35E+15,Bad,2
1831,Twitterwire,539-20-5922,3730,Mazda,MPV,Green,2004,77117.03753,1,0.67,59779-574,Emmit Loder,Male,Dental Hygienist,865-756-3584,eloder9f@dailymail.co.uk,Knoxville,United States,Tennessee,317 Killdeer Road,2018-04-04,50436-2899,2018-07-05,Second Class,Air,37939,visa,3.13E+15,Bad,2
2977,Zoonoodle,189-94-1122,4086,Morgan,Aero 8,Green,2007,71317.56913,2,0.51,49288-0142,Ange Dearan,Male,VP Sales,718-696-9158,adearancl@oracle.com,Staten Island,United States,New York,97697 Morning Parkway,2018-04-04,59726-258,2018-08-05,Same Day,Truck,10305,jcb,2.09E+15,Very Good,2
3508,Divanoodle,789-49-3600,4358,Ford,F-Series,Goldenrod,2007,93751.9077,1,0.57,75857-0001,Wilmar Dourin,Male,Senior Developer,860-227-3949,wdourinpl@europa.eu,West Hartford,United States,Connecticut,9 Bartelt Way,2018-04-04,60429-131,2018-08-05,First Class,Air,6127,visa-electron,4.49E+15,Okay,2
3466,Abata,664-20-4806,3829,Maserati,GranTurismo,Aquamarine,2011,91739.12768,2,0.59,0220-9346,Erin Martijn,Male,Research Assistant II,860-802-6981,emartijndt@wikispaces.com,Hartford,United States,Connecticut,288 Macpherson Court,2018-04-04,68258-3001,2018-08-05,Second Class,Air,6160,jcb,2.04E+15,Okay,2
1933,Centizu,657-42-2409,4562,Mercury,Cougar,Aquamarine,1967,72876.31995,1,0.69,55154-4651,Jeffrey Toye,Male,Structural Engineer,612-720-9471,jtoye9d@printfriendly.com,Minneapolis,United States,Minnesota,25 Division Plaza,2018-04-04,42254-065,2018-05-06,Standard Class,Air,55428,jcb,1.95E+15,Okay,2
2514,Youfeed,803-36-5701,4473,Subaru,Justy,Yellow,1988,82490.5994,2,0.59,0258-3687,Natale Swabey,Male,Environmental Specialist,757-935-7324,nswabey7t@networkadvertising.org,Norfolk,United States,Virginia,204 Sunfield Hill,2018-04-04,68788-0384,2018-07-04,Second Class,Air,23514,china-unionpay,1.93E+15,Very Bad,2
2656,Midel,894-57-2919,4549,Mercedes-Benz,SLK-Class,Yellow,2011,71249.68175,1,0.69,21695-473,Ethel Abeles,Female,Accountant II,901-239-9213,eabeles8q@geocities.jp,Memphis,United States,Tennessee,90814 Becker Crossing,2018-04-04,0179-0155,2018-09-04,Standard Class,Truck,38143,visa-electron,1.55E+15,Very Bad,2
1614,Jaxspan,843-67-9704,4246,Land Rover,Range Rover,Fuscia,2005,73930.6319,1,0.69,63014-1600,Dannie Abba,Female,Web Designer II,330-304-8372,dabba7k@shareasale.com,Youngstown,United States,Ohio,12692 Ohio Park,2018-04-04,0093-4160,2018-08-06,Standard Class,Air,44505,jcb,3.81E+15,Good,2
2014,Quatz,520-60-5977,4261,Mitsubishi,Mighty Max Macro,Turquoise,1992,68626.43343,2,0.66,0280-1146,Rockey Basilotta,Male,Teacher,513-694-2112,rbasilottaoj@ucoz.com,Cincinnati,United States,Ohio,738 Sauthoff Junction,2018-04-04,0536-2220,2018-09-05,Second Class,Truck,45228,jcb,1.34E+15,Very Bad,2
3351,Agimba,873-66-6061,3655,Mazda,MX-5,Puce,1990,93553.69025,1,0.6,10586-9104,Max Doley,Female,Environmental Specialist,423-881-9277,mdoleye6@soundcloud.com,Chattanooga,United States,Tennessee,02 Bunting Street,2018-04-04,21130-296,2018-10-05,First Class,Truck,37450,mastercard,4.91E+15,Very Bad,2
2962,Feedbug,333-44-2991,4566,Ford,Transit Connect,Purple,2010,84311.84808,1,0.65,15127-335,Erica Letham,Female,Web Developer IV,323-839-1496,elethamae@japanpost.jp,Los Angeles,United States,California,7953 South Alley,2018-04-04,54868-1093,2018-09-05,Second Class,Truck,90060,jcb,3.07E+15,Good,2
3732,Oyoyo,607-67-9078,4825,GMC,1500,Turquoise,1997,84696.9342,1,0.51,54575-338,Randi Reitenbach,Female,Research Associate,212-350-8606,rreitenbachij@wix.com,New York City,United States,New York,0 Arrowood Street,2018-05-04,0395-1207,2018-10-05,Same Day,Truck,10125,jcb,3.01E+15,Very Good,2
1417,Pixonyx,304-51-1575,4928,GMC,Sierra,Indigo,2010,79630.26823,1,0.56,55648-787,Standford Longhorne,Male,Account Representative I,213-537-3658,slonghorneo2@go.com,North Hollywood,United States,California,406 Schmedeman Trail,2018-05-04,0869-0686,2018-05-20,First Class,Air,91616,instapayment,3.01E+15,Very Bad,2
2867,Tagfeed,198-36-2680,4884,Pontiac,Sunbird,Purple,1991,73033.6779,2,0.66,0006-0951,Felike Penvarne,Male,Media Manager II,202-786-2819,fpenvarne81@nydailynews.com,Washington,United States,District of Columbia,93 Katie Junction,2018-05-04,17575-006,2018-12-05,Standard Class,Air,20057,jcb,1.84E+15,Good,2
3061,Gabtype,121-80-3360,4071,Nissan,Maxima,Red,2008,89876.26683,1,0.53,37205-664,Yalonda Lampert,Female,Business Systems Development Analyst,808-150-6347,ylampert3r@creativecommons.org,Honolulu,United States,Hawaii,024 Onsgard Avenue,2018-05-04,30142-199,2018-10-06,Same Day,Truck,96825,jcb,3.29E+15,Bad,2
3716,Wordtune,460-78-3058,3593,Land Rover,Discovery,Pink,1999,97442.15593,1,0.62,59779-389,Marcela Stroton,Female,Budget/Accounting Analyst I,973-808-8141,mstrotonk7@flavors.me,Jersey City,United States,New Jersey,32715 Darwin Terrace,2018-05-04,12488-0200,2018-06-13,Same Day,Truck,7310,jcb,1.89E+15,Good,2
3068,Jamia,500-01-9399,3698,Ford,EXP,Crimson,1987,70296.2087,2,0.7,48951-8189,Leigh Tomeo,Female,Teacher,202-340-5556,ltomeo4z@pen.io,Washington,United States,District of Columbia,6 Lunder Point,2018-04-04,0395-2655,2018-12-15,Second Class,Truck,20425,visa-electron,2.91E+15,Very Good,2
3422,Thoughtbeat,752-91-2144,4133,Chevrolet,Express 2500,Green,2000,70492.4907,2,0.55,0781-1971,Nananne Itskovitz,Female,Software Test Engineer III,912-128-9397,nitskovitz5o@tamu.edu,Savannah,United States,Georgia,412 Autumn Leaf Way,2018-05-04,68645-151,2018-12-06,First Class,Air,31405,maestro,4.13E+15,Very Good,2
1639,Livefish,814-79-0366,4656,Mitsubishi,Galant,Red,1994,93673.8641,1,0.6,60429-354,Benita Jandera,Female,Graphic Designer,561-499-3718,bjanderafp@ow.ly,Boca Raton,United States,Florida,84 4th Junction,2018-06-04,37205-607,2018-12-05,Second Class,Air,33499,mastercard,4.55E+15,Very Bad,2
3713,Shuffledrive,162-78-0346,3989,Mitsubishi,Precis,Purple,1994,81430.7157,1,0.66,0781-5613,Gerry Yitzhakov,Male,Senior Editor,510-191-3865,gyitzhakovau@craigslist.org,Oakland,United States,California,602 Lien Crossing,2018-04-13,37808-167,2018-04-23,Same Day,Air,94605,bankcard,4.81E+15,Very Good,2
1955,Tagchat,565-46-1132,4699,Mitsubishi,Truck,Goldenrod,1990,79839.01335,2,0.7,15127-311,Allan Lipgens,Male,VP Marketing,305-741-4255,alipgens5a@goodreads.com,Hollywood,United States,Florida,280 Del Mar Street,2018-04-13,65862-059,2018-04-21,Standard Class,Air,33023,maestro,2.42E+15,Good,2
2804,Wikibox,311-27-8922,4985,Pontiac,Firebird,Goldenrod,1989,92855.92143,1,0.63,15127-831,Gwendolyn MacConneely,Female,VP Accounting,702-863-4129,gmacconneely61@imgur.com,Las Vegas,United States,Nevada,806 Fordem Terrace,2018-04-13,51444-002,2018-05-13,Same Day,Truck,89120,maestro,4.80E+15,Very Good,2
2782,Latz,795-17-6148,4368,Lexus,RX,Indigo,2000,86678.51243,2,0.52,52125-338,Creight Munnery,Male,Food Chemist,505-775-7780,cmunneryl4@meetup.com,Albuquerque,United States,New Mexico,3448 Merry Terrace,2018-04-13,58790-301,2018-12-06,Second Class,Truck,87201,mastercard,2.43E+15,Very Bad,2
2783,Mycat,839-41-5843,4149,GMC,Canyon,Orange,2008,76398.60435,1,0.53,60505-3780,Ade Mityashev,Male,Senior Developer,513-192-0087,amityashev3i@xrea.com,Cincinnati,United States,Ohio,655 Elgar Pass,2018-04-14,59746-216,2018-06-14,Same Day,Air,45203,mastercard,4.50E+15,Good,2
1103,Trupe,214-73-6591,3760,Chevrolet,Express 2500,Maroon,2011,82819.44995,1,0.59,52019-001,Lanita Kelson,Female,Structural Analysis Engineer,719-137-4783,lkelsonm6@sfgate.com,Colorado Springs,United States,Colorado,8 Acker Court,2018-04-14,60760-687,2018-04-29,Same Day,Air,80940,diners-club-enroute,2.96E+15,Very Bad,2
1306,Twimm,209-66-3829,4461,BMW,M5,Goldenrod,2008,90871.97765,2,0.56,68745-1019,Tammie Schaumaker,Male,Environmental Tech,412-555-5255,tschaumakerg4@topsy.com,Pittsburgh,United States,Pennsylvania,3052 Monica Place,2018-04-14,63739-047,2018-06-06,Standard Class,Truck,15220,jcb,4.78E+15,Very Good,2
2193,Yata,311-16-9482,3783,Saab,900,Aquamarine,1989,78309.0108,1,0.51,52959-880,Sonya Briscam,Female,Assistant Media Planner,860-741-5902,sbriscam41@bandcamp.com,West Hartford,United States,Connecticut,5 Dorton Center,2018-04-14,68382-032,2018-05-29,First Class,Air,6127,jcb,3.11E+15,Okay,2
2903,Kwimbee,184-98-6155,4547,Audi,S6,Mauv,2007,75166.79795,2,0.64,57520-0034,Kirsten Shoobridge,Female,Recruiting Manager,619-278-6699,kshoobridgeqa@ycombinator.com,San Diego,United States,California,8471 Orin Street,2018-04-14,0078-0512,2018-04-25,Standard Class,Truck,92127,diners-club-carte-blanche,4.82E+15,Very Bad,2
1485,Talane,766-66-2819,3553,Jeep,Wrangler,Blue,1998,75134.26675,2,0.64,0555-0140,Alvinia Alasdair,Female,Help Desk Operator,818-793-6320,aalasdair2q@rambler.ru,Los Angeles,United States,California,3156 Kipling Drive,2018-04-14,43353-914,2018-10-05,Second Class,Truck,90015,china-unionpay,4.87E+15,Okay,2
2068,Chatterbridge,366-41-4206,3689,Audi,TT,Pink,2004,92926.64355,1,0.53,68788-0920,Ursuline Umpleby,Female,VP Accounting,602-289-4164,uumplebynt@redcross.org,Phoenix,United States,Arizona,98 Briar Crest Court,2018-04-15,54458-967,2018-05-15,Same Day,Air,85020,jcb,3.71E+15,Very Good,2
3893,Fadeo,432-94-2747,4990,Saab,900,Purple,1993,88227.64465,1,0.6,55154-7566,Hinze Bonhan,Male,Environmental Specialist,915-857-6049,hbonhanpj@ucla.edu,El Paso,United States,Texas,03530 Pleasure Hill,2018-04-15,62011-0198,2018-05-20,Standard Class,Air,79955,visa,3.01E+15,Okay,2
3178,Twimbo,844-76-6966,4229,Buick,Skylark,Puce,1997,88825.16108,1,0.55,10157-1010,Avrit Broxup,Female,Account Coordinator,408-170-2918,abroxupjd@qq.com,San Jose,United States,California,90 Golden Leaf Crossing,2018-04-15,0143-9681,2018-06-05,Standard Class,Air,95155,jcb,1.93E+15,Okay,2
2875,Jayo,175-56-0810,4101,Porsche,911,Khaki,2009,87226.49893,2,0.7,49738-201,Sonnie Woolnough,Female,Software Consultant,314-965-2604,swoolnoughh0@flickr.com,Saint Louis,United States,Missouri,28534 Di Loreto Road,2018-04-15,54868-0029,2018-05-20,Same Day,Truck,63104,visa-electron,3.67E+15,Okay,2
1271,Brainbox,637-84-3768,3500,Kia,Rio,Pink,2006,85650.88623,1,0.56,55305-116,Minnnie McGougan,Female,Recruiter,216-138-2762,mmcgougando@weather.com,Cleveland,United States,Ohio,0646 Buhler Park,2018-04-15,55289-816,2018-05-20,Standard Class,Air,44111,visa-electron,3.24E+15,Very Good,2
1653,Geba,748-60-5619,4552,Hyundai,Sonata,Puce,2000,74445.7744,1,0.7,63739-283,Kristofor Mobius,Male,Account Representative II,856-143-9887,kmobius6x@examiner.com,Camden,United States,New Jersey,08700 Shoshone Plaza,2018-04-16,66336-002,2018-10-06,First Class,Truck,8104,jcb,1.73E+15,Bad,2
1612,Ozu,851-47-8136,4966,Chevrolet,Silverado 1500,Green,2000,81002.48273,1,0.58,55289-663,Leighton Joffe,Male,Safety Technician I,202-708-2464,ljoffec7@mashable.com,Alexandria,United States,Virginia,1370 Declaration Pass,2018-04-16,69152-0018,2018-05-18,Standard Class,Air,22309,china-unionpay,3.12E+15,Very Bad,2
3011,Quire,381-38-3686,3962,Lincoln,Continental,Red,1995,93973.6438,1,0.64,0363-0359,Betty Cheyne,Female,Developer IV,334-800-4870,bcheynepe@cbc.ca,Montgomery,United States,Alabama,568 Moose Point,2018-04-16,0677-1978,2018-04-18,Standard Class,Air,36119,visa,3.29E+15,Very Good,2
1621,Vipe,155-18-0873,3755,BMW,745,Aquamarine,2002,69545.62555,1,0.55,0363-0149,Geno Gristock,Male,Physical Therapy Assistant,512-746-2727,ggristockrb@cdbaby.com,Austin,United States,Texas,438 Drewry Alley,2018-04-17,65856-216,2018-05-28,Standard Class,Truck,78737,jcb,2.97E+15,Very Bad,2
2226,Youbridge,410-14-6619,4487,Toyota,Tacoma Xtra,Khaki,1996,90519.33475,2,0.61,67046-017,Cirstoforo Pitsall,Male,Senior Editor,813-567-0594,cpitsall45@usa.gov,Tampa,United States,Florida,203 Corben Hill,2018-04-17,52667-001,2018-05-22,Second Class,Air,33673,bankcard,1.77E+15,Very Good,2
3292,Gigaclub,507-49-8561,4474,Mazda,B-Series,Violet,1996,78535.68328,1,0.63,43742-0339,Camile Dewhurst,Female,Structural Analysis Engineer,626-488-5510,cdewhurst16@yahoo.co.jp,Pasadena,United States,California,9 Vernon Crossing,2018-04-17,0409-7926,2018-05-22,Second Class,Truck,91125,diners-club-carte-blanche,4.29E+15,Very Bad,2
3246,Trunyx,465-55-6310,4089,Lamborghini,Gallardo,Puce,2010,87288.47243,1,0.67,59779-115,Haskell Gilfether,Male,Database Administrator IV,503-616-4766,hgilfether43@oakley.com,Portland,United States,Oregon,37 Schlimgen Drive,2018-04-17,13630-0035,2018-05-22,Second Class,Truck,97286,switch,3.14E+15,Very Bad,2
3741,Quamba,539-07-0988,4539,Volkswagen,Golf,Mauv,1989,71610.70183,2,0.62,52685-434,Rea Rains,Female,GIS Technical Architect,810-235-8803,rrainsj9@storify.com,Warren,United States,Michigan,7394 Kipling Avenue,2018-04-17,21130-445,2018-04-24,Second Class,Truck,48092,diners-club-us-ca,4.64E+15,Okay,2
3478,Feedbug,677-24-6266,3541,Lexus,IS,Pink,2006,91769.93848,2,0.54,76331-807,Reena Huelin,Female,Editor,503-322-7433,rhuelinnj@mayoclinic.com,Portland,United States,Oregon,50206 Birchwood Park,2018-04-17,11994-127,2018-05-22,Standard Class,Truck,97286,mastercard,4.79E+15,Bad,2
2086,Kaymbo,561-72-9421,4475,Chevrolet,3500,Mauv,1993,96752.8327,2,0.53,68391-306,Myer McQuilliam,Male,Automation Specialist III,202-918-0251,mmcquilliamff@ning.com,Washington,United States,District of Columbia,6 Anthes Parkway,2018-04-18,35356-173,2018-05-23,Standard Class,Air,20220,maestro,4.34E+15,Okay,2
1737,Skaboo,454-25-1393,3597,Volkswagen,New Beetle,Pink,2001,88430.29018,2,0.5,10849-001,Mateo Gawith,Male,Compensation Analyst,646-678-9472,mgawithw@yahoo.co.jp,Brooklyn,United States,New York,570 Hansons Court,2018-04-18,37000-069,2018-05-23,First Class,Air,11215,jcb,4.31E+15,Very Bad,2
1387,Realfire,163-41-1702,4927,Dodge,Ram 3500,Violet,2007,85065.59833,1,0.51,0074-3799,Templeton Cleyne,Male,Graphic Designer,281-714-5309,tcleynemg@sun.com,Pasadena,United States,Texas,6831 Rigney Parkway,2018-04-18,37205-725,2018-10-05,First Class,Air,77505,bankcard,3.42E+15,Good,2
2821,Yodo,244-57-4207,4321,Mercedes-Benz,CL-Class,Khaki,1999,72168.17985,2,0.61,50438-102,Ninon Vinsen,Female,Physical Therapy Assistant,484-942-8189,nvinsenla@yellowpages.com,Reading,United States,Pennsylvania,1289 Messerschmidt Terrace,2018-04-18,49349-796,2018-04-21,Same Day,Truck,19605,china-unionpay,1.39E+15,Good,2
1754,Ainyx,562-63-7880,4266,Mitsubishi,Diamante,Turquoise,2000,75010.66188,2,0.5,47682-903,Lane Boreham,Male,Web Designer II,210-204-7413,lboreham3v@histats.com,San Antonio,United States,Texas,224 Express Place,2018-04-19,58466-033,2018-04-30,Second Class,Air,78250,jcb,2.47E+15,Okay,2
3835,Roombo,709-70-9648,4756,Plymouth,Colt Vista,Fuscia,1994,84258.68185,1,0.61,37000-764,Ingeborg Gasquoine,Female,Payment Adjustment Coordinator,206-990-8930,igasquoinepv@adobe.com,Seattle,United States,Washington,83056 Grayhawk Street,2018-04-19,51672-4109,2018-05-26,First Class,Air,98166,visa,4.15E+15,Bad,2
1931,Trilia,648-20-2985,4899,Saab,900,Orange,1987,73557.12915,1,0.52,55154-6649,Joly Tincknell,Female,Financial Analyst,989-485-0171,jtincknell18@stumbleupon.com,Saginaw,United States,Michigan,5724 Forster Alley,2018-04-19,55154-6707,2018-05-24,Second Class,Truck,48604,jcb,2.33E+15,Good,2
2830,InnoZ,392-03-3145,3843,Toyota,Celica,Khaki,2003,89934.0664,2,0.54,47781-103,Kirbee Woolager,Female,Recruiter,718-345-9152,kwoolagerg1@weibo.com,Bronx,United States,New York,555 Bowman Street,2018-04-20,24987-242,2018-05-25,Same Day,Air,10464,bankcard,1.51E+15,Okay,2
2209,Babbleopia,861-05-9707,4875,Mazda,626,Indigo,1990,77393.86553,1,0.55,55111-396,Katherina Colmer,Female,Account Representative II,786-880-8947,kcolmer9y@thetimes.co.uk,Miami,United States,Florida,01 Oneill Park,2018-04-20,37205-186,2018-05-25,Same Day,Truck,33111,switch,4.83E+15,Very Good,2
3418,Edgewire,670-45-8110,4357,Hyundai,Elantra,Aquamarine,2006,86414.57765,2,0.69,59779-405,Elizabet Barthot,Female,Desktop Support Technician,701-620-6460,ebarthot97@wikispaces.com,Fargo,United States,North Dakota,53 Coleman Avenue,2018-04-21,55289-962,2018-05-26,Same Day,Air,58106,china-unionpay,2.42E+15,Very Good,2
2584,Thoughtmix,597-76-0299,4896,Acura,NSX,Indigo,1995,87416.3783,1,0.6,45802-453,Everard MacFaul,Male,VP Accounting,859-392-5327,emacfaulgd@cloudflare.com,Lexington,United States,Kentucky,171 Bluejay Lane,2018-04-22,58232-0037,2018-05-14,Second Class,Truck,40586,maestro,4.56E+15,Very Good,2
2678,Skimia,566-64-1055,4793,Kia,Rondo,Khaki,2008,71897.3537,2,0.55,51531-5397,Laryssa Beachem,Female,Computer Systems Analyst I,352-830-3670,lbeachemhb@imdb.com,Gainesville,United States,Florida,8 Ludington Hill,2018-04-22,43857-0337,2018-05-30,First Class,Truck,32610,jcb,1.32E+15,Very Good,2
1318,Skippad,440-86-7792,4492,Infiniti,M,Blue,2007,96245.32448,1,0.6,63629-1558,Shanon Dudgeon,Female,Environmental Tech,713-241-3306,sdudgeonfi@elpais.com,Houston,United States,Texas,23 Saint Paul Place,2018-04-22,60512-6646,2018-05-27,Standard Class,Air,77206,diners-club-enroute,2.34E+15,Very Good,2
2290,Skiba,891-21-1980,4768,Lamborghini,Diablo,Red,1995,69655.72138,1,0.54,50988-183,Brander Westhofer,Male,VP Quality Control,509-594-8977,bwesthofergj@123-reg.co.uk,Spokane,United States,Washington,3 Mesta Terrace,2018-04-23,0268-1524,2018-10-06,First Class,Truck,99210,mastercard,4.64E+15,Good,2
3805,Agivu,447-98-3395,3559,Audi,A3,Aquamarine,2012,80859.96323,1,0.7,0338-0520,Sholom Tolland,Male,Paralegal,816-618-5914,stollandan@census.gov,Kansas City,United States,Missouri,9 Mcguire Place,2018-04-24,49884-310,2018-05-30,Standard Class,Air,64153,solo,3.61E+15,Okay,2
2461,Skipfire,315-95-6593,4961,Cadillac,CTS-V,Red,2009,84371.80793,2,0.66,55154-9357,Barbie Bridywater,Female,Dental Hygienist,212-664-6255,bbridywater2s@reuters.com,Jamaica,United States,New York,62 Buena Vista Parkway,2018-04-24,59614-298,2018-07-06,Standard Class,Air,11431,china-unionpay,1.86E+15,Okay,2
2439,Jazzy,593-82-9122,4650,Saab,09-Mar,Green,2005,81335.84933,2,0.61,59572-205,Pearla Aspland,Female,Nuclear Power Engineer,202-186-6508,pasplanded@delicious.com,Washington,United States,District of Columbia,4160 Northwestern Hill,2018-04-24,60512-1017,2018-11-05,Standard Class,Air,20088,mastercard,3.27E+15,Good,2
2941,Quatz,808-43-9252,4996,GMC,Suburban 1500,Aquamarine,1999,95310.46303,2,0.67,55111-763,Inna Gliddon,Female,Cost Accountant,720-966-2313,igliddonbv@myspace.com,Littleton,United States,Colorado,56829 Sachtjen Drive,2018-04-24,62111-0212,2018-07-05,First Class,Truck,80161,bankcard,3.82E+15,Good,2
2993,Oba,277-30-9002,3923,Cadillac,STS,Khaki,2009,86267.39548,2,0.61,65044-1437,Callida Causer,Female,Food Chemist,915-744-5002,ccauserd5@eepurl.com,El Paso,United States,Texas,2121 Stuart Park,2018-04-24,62750-060,2018-05-29,First Class,Truck,79999,jcb,2.67E+15,Good,2
2163,Shuffledrive,735-67-5753,4061,Dodge,Viper RT/10,Red,1995,78671.5069,1,0.57,52124-0107,Elise Saunt,Female,Pharmacist,505-953-9735,esauntaq@usnews.com,Albuquerque,United States,New Mexico,0137 Pleasure Place,2018-04-25,0310-0279,2018-05-17,Second Class,Air,87140,diners-club-carte-blanche,3.01E+15,Good,2
3755,Oloo,859-96-9189,4308,Oldsmobile,Aurora,Fuscia,1996,74574.34498,1,0.56,16864-001,Chico Adrienne,Male,Sales Representative,203-491-1590,cadrienne7l@berkeley.edu,Norwalk,United States,Connecticut,67 Pawling Lane,2018-04-25,49035-202,2018-06-13,Standard Class,Truck,6854,jcb,3.41E+15,Good,2
3549,Wikivu,754-14-1688,4187,Rolls-Royce,Phantom,Blue,2013,93910.2236,1,0.69,55319-533,Maximilien Cortez,Male,Engineer I,405-442-9003,mcortez1l@i2i.jp,Oklahoma City,United States,Oklahoma,2 Pierstorff Park,2018-04-26,76439-209,2018-05-31,First Class,Truck,73197,jcb,3.60E+15,Very Good,2
1609,Yabox,591-32-4673,3797,Chrysler,Concorde,Teal,2002,83878.74715,2,0.68,60429-505,Corie Charnick,Female,Senior Quality Engineer,805-515-9050,ccharnick6e@acquirethisname.com,San Luis Obispo,United States,California,52 Anderson Pass,2018-04-26,49999-449,2018-05-31,Standard Class,Truck,93407,americanexpress,4.50E+15,Very Good,2
3070,Kwimbee,795-56-0064,4320,Chevrolet,Monte Carlo,Aquamarine,1999,76720.17253,2,0.7,55714-2351,Royce Woodyear,Male,Senior Financial Analyst,330-859-9512,rwoodyearam@shareasale.com,Akron,United States,Ohio,375 Bay Street,2018-04-26,50225-355,2018-05-31,First Class,Truck,44329,mastercard,4.80E+15,Good,2
2716,Teklist,466-16-7156,3800,GMC,Sierra 3500,Yellow,2008,89744.55848,1,0.55,37808-386,Evangelina Blenkin,Female,Paralegal,213-326-2898,eblenkinkn@japanpost.jp,Los Angeles,United States,California,0931 Golden Leaf Road,2018-04-27,53808-0712,2018-06-16,Second Class,Air,90030,jcb,3.92E+15,Good,2
1934,Gabtype,763-90-7035,4331,Mazda,CX-7,Green,2007,79037.27763,1,0.61,53808-0218,Jess Burchess,Male,Associate Professor,712-551-2600,jburchessi6@dailymail.co.uk,Sioux City,United States,Iowa,106 Redwing Parkway,2018-04-27,63629-3355,2018-04-30,Second Class,Truck,51110,jcb,4.25E+15,Good,2
1326,Youopia,729-36-2041,4570,Mercedes-Benz,M-Class,Red,1998,72358.20585,2,0.68,50242-075,Harwilll Scallon,Male,Sales Associate,862-571-4694,hscallonei@goodreads.com,Paterson,United States,New Jersey,63 Stang Alley,2018-04-27,13537-220,2018-04-29,Same Day,Air,7544,jcb,1.35E+15,Very Good,2
3105,Wordtune,196-68-8662,4467,Volvo,C30,Khaki,2012,83253.30355,2,0.56,75884-100,Huntlee Cunnah,Male,Analog Circuit Design manager,208-912-6887,hcunnahqb@arstechnica.com,Idaho Falls,United States,Idaho,3 Atwood Parkway,2018-04-27,51079-425,2018-05-06,Standard Class,Truck,83405,jcb,2.77E+15,Good,2
1579,Talane,271-37-6285,4098,Mercedes-Benz,300SL,Pink,1992,82099.12043,2,0.51,35356-882,Burk Philpin,Male,Human Resources Manager,612-954-3382,bphilpin50@blogtalkradio.com,Minneapolis,United States,Minnesota,268 Trailsway Junction,2018-04-28,53144-4001,2018-05-29,First Class,Air,55487,jcb,4.33E+15,Very Good,2
1498,Demizz,864-66-0172,4485,Eagle,Summit,Teal,1995,80132.1265,1,0.69,60681-3003,Tedd Standbrook,Male,Legal Assistant,337-308-8315,tstandbrookm9@instagram.com,Lafayette,United States,Louisiana,794 Stone Corner Place,2018-04-29,49349-548,2018-06-06,Same Day,Air,70593,mastercard,2.60E+15,Very Good,2
1521,Yamia,859-66-6522,4579,Audi,A6,Indigo,1996,72353.20105,2,0.61,18860-678,Amy Roderigo,Female,Geologist II,434-116-0366,aroderigo79@chronoengine.com,Charlottesville,United States,Virginia,7229 Dryden Terrace,2018-04-30,53346-1323,2018-05-06,Same Day,Air,22903,jcb,3.85E+15,Okay,2
3311,Eidel,446-53-9144,4598,Chevrolet,Suburban 2500,Turquoise,2005,82949.61385,1,0.66,58443-0024,Carol-jean Oxlade,Female,Junior Executive,937-829-5472,coxladei1@google.it,Dayton,United States,Ohio,68325 Morrow Center,2018-04-30,58517-360,2018-05-30,Second Class,Truck,45403,jcb,2.45E+15,Very Good,2
3800,Photofeed,806-33-9152,4074,Lexus,RX,Teal,2001,91781.20905,2,0.68,11716-0103,Lynett Pentony,Female,Analyst Programmer,603-875-0039,lpentonyom@webmd.com,Portsmouth,United States,New Hampshire,63 Arrowood Alley,2018-04-30,63539-012,2018-05-25,Same Day,Air,214,china-unionpay,4.22E+15,Very Good,2
1037,Snaptags,841-17-7017,4088,GMC,Sierra 3500,Crimson,2009,89215.57458,1,0.6,35356-698,Ive Dunsford,Male,Payment Adjustment Coordinator,612-928-7567,idunsforddb@aboutads.info,Minneapolis,United States,Minnesota,733 Helena Pass,2018-04-05,41163-413,2018-11-05,Same Day,Truck,55487,china-unionpay,2.72E+15,Very Good,2
2526,Realblab,805-87-4049,3892,Dodge,Ram 3500 Club,Khaki,1995,83607.7646,2,0.57,49349-531,June Tattam,Female,Software Consultant,702-760-7239,jtattammn@behance.net,Las Vegas,United States,Nevada,6 Lerdahl Pass,2018-04-05,54868-4198,2018-05-31,First Class,Truck,89120,maestro,3.35E+15,Very Good,2
1108,Gabvine,271-90-4904,4034,Chevrolet,Equinox,Green,2009,70345.11303,1,0.58,41595-7009,Chelsae Yanson,Female,Administrative Assistant IV,303-382-8249,cyansonj8@slideshare.net,Littleton,United States,Colorado,9 Annamark Plaza,2018-04-05,61314-237,2018-05-06,Second Class,Truck,80126,jcb,2.72E+15,Good,2
1618,Plajo,693-77-7892,3790,Volkswagen,CC,Turquoise,2009,77330.2987,1,0.57,55714-2252,Rasla Loch,Female,Actuary,804-422-4116,rlochgy@lycos.com,Richmond,United States,Virginia,46657 Hoard Street,2018-04-05,11523-7227,2018-05-25,Same Day,Air,23289,jcb,3.75E+15,Very Good,2
1298,Divanoodle,652-18-3763,4516,Suzuki,SJ,Blue,1985,82059.77605,2,0.59,63187-133,Hannie McLellan,Female,Business Systems Development Analyst,937-206-1580,hmclellanhx@un.org,Dayton,United States,Ohio,642 Swallow Court,2018-04-05,60505-2782,2018-06-15,First Class,Truck,45454,jcb,4.73E+15,Very Good,2
1819,Twitterlist,839-11-6693,4100,Ford,Mustang,Maroon,1994,86181.72738,1,0.68,52959-144,Gunther Stubbs,Male,Chief Design Engineer,314-333-8350,gstubbs2n@exblog.jp,Saint Louis,United States,Missouri,6441 Daystar Parkway,2018-04-05,57627-156,2018-05-29,First Class,Air,63169,jcb,2.28E+15,Good,2
3313,Abatz,499-24-9122,4275,Mazda,MPV,Puce,1992,81458.89703,2,0.57,49215-0001,Flory Martugin,Female,Human Resources Manager,561-947-1421,fmartugin6i@phoca.cz,Boca Raton,United States,Florida,7 Lakeland Terrace,2018-04-05,0093-7394,2018-05-06,First Class,Air,33432,jcb,4.54E+15,Good,2
3977,Riffpath,377-54-2757,4007,Mazda,Millenia,Maroon,1998,78418.07048,2,0.61,11523-7371,Creight Minico,Male,Director of Sales,209-646-9428,cminico64@wikipedia.org,Modesto,United States,California,109 Porter Point,2018-04-05,50804-360,2018-05-06,Second Class,Air,95354,diners-club-carte-blanche,2.51E+15,Okay,2
3826,Skyvu,717-19-7839,4141,Mitsubishi,Galant,Orange,2011,79995.11033,2,0.51,44911-0060,Kirsten Calvey,Female,Assistant Manager,623-594-6668,kcalvey8@google.cn,Phoenix,United States,Arizona,0 Maywood Center,2018-04-05,52125-325,2018-05-06,First Class,Air,85035,jcb,4.04E+15,Okay,2
2846,Oozz,348-06-1263,4295,Mitsubishi,Challenger,Green,2002,92746.36323,2,0.53,0268-0899,Deanne Andreolli,Female,Assistant Media Planner,918-407-7055,dandreolli1c@furl.net,Tulsa,United States,Oklahoma,0039 Fallview Street,2018-04-05,52709-1001,2018-05-06,Same Day,Air,74133,visa,3.60E+15,Very Good,2
2811,Browsetype,462-39-5175,4981,GMC,Yukon XL 1500,Crimson,2013,72967.38385,2,0.55,63777-255,Petr Ream,Male,Financial Analyst,952-492-3384,preambl@creativecommons.org,Maple Plain,United States,Minnesota,6834 Morrow Terrace,2018-04-05,58404-002,2018-10-05,Second Class,Truck,55579,jcb,1.73E+15,Okay,2
1009,Brainlounge,571-38-4231,3614,Pontiac,LeMans,Fuscia,1990,81996.2581,2,0.56,66312-110,Garrett Enrdigo,Male,Structural Analysis Engineer,256-904-6031,genrdigo5s@yellowpages.com,Huntsville,United States,Alabama,06 Luster Street,2018-04-05,0187-5205,2018-06-06,Same Day,Truck,35810,jcb,1.54E+15,Good,2
1756,Lazzy,579-92-7504,3675,Lotus,Esprit,Orange,1993,86116.78228,1,0.59,52083-637,Lindon Vidineev,Male,Compensation Analyst,503-642-1039,lvidineevbz@mayoclinic.com,Portland,United States,Oregon,533 Sunbrook Way,2018-04-05,11673-510,2018-06-06,Second Class,Truck,97221,mastercard,2.80E+15,Okay,2
1107,Voonyx,430-21-1212,3638,Eagle,Vision,Green,1996,69027.2182,2,0.53,49884-949,Bail Starkie,Male,Senior Quality Engineer,304-916-7490,bstarkie40@cafepress.com,Morgantown,United States,West Virginia,720 Shasta Circle,2018-04-05,51862-216,2018-06-06,Second Class,Truck,26505,diners-club-us-ca,1.77E+15,Very Good,2
1363,Oba,263-72-3471,4930,Dodge,Ram 3500,Yellow,2008,82020.54898,2,0.68,65044-6590,Cathi Picker,Female,Office Assistant IV,208-753-4095,cpickerch@imageshack.us,Boise,United States,Idaho,67 Waywood Trail,2018-04-05,42507-090,2018-05-24,Standard Class,Air,83711,visa-electron,3.15E+15,Good,2
2843,Avamba,163-52-9668,4482,Mercury,Sable,Maroon,2003,79150.85335,2,0.53,52584-024,Georgia Versey,Female,Actuary,212-819-8294,gversey6g@mit.edu,Jamaica,United States,New York,1 Cody Way,2018-04-05,43526-103,2018-07-06,Standard Class,Air,11499,jcb,4.44E+15,Very Good,2
2300,Meejo,429-76-8946,4114,Pontiac,Parisienne,Khaki,1986,84210.44223,1,0.65,0615-7507,Fanya Harborow,Female,Geologist II,702-524-2293,fharborowb8@t-online.de,Henderson,United States,Nevada,5916 Burning Wood Hill,2018-04-05,69244-3001,2018-05-17,Standard Class,Truck,89012,jcb,4.15E+15,Very Good,2
2703,Lazz,137-42-6156,3554,Mercedes-Benz,600SEL,Aquamarine,1993,93532.70333,1,0.65,55143-107,Florri Menear,Female,GIS Technical Architect,478-238-9669,fmenearp1@freewebs.com,Macon,United States,Georgia,67018 Anderson Place,2018-04-05,10544-020,2018-08-06,Standard Class,Truck,31210,china-unionpay,1.72E+15,Very Good,2
3154,Skivee,615-13-4570,3916,Chevrolet,Express 1500,Red,2004,96407.44285,1,0.65,33261-228,Angus Bilbey,Male,Analyst Programmer,202-489-6564,abilbey2v@tamu.edu,Washington,United States,District of Columbia,08432 Arizona Hill,2018-04-05,50181-0003,2018-05-16,Standard Class,Truck,20299,switch,3.33E+15,Very Good,2
3809,Quaxo,347-52-4406,3585,Jeep,Grand Cherokee,Orange,2009,75271.04833,1,0.68,53603-4002,Audrie Teese,Female,Quality Engineer,281-261-8843,ateesemy@networkadvertising.org,Spring,United States,Texas,2 Oneill Lane,2018-05-05,50268-698,2018-12-05,First Class,Air,77386,visa-electron,1.72E+15,Okay,2
3860,Lazzy,481-91-2770,3756,Pontiac,1000,Violet,1984,70764.5485,1,0.62,41520-092,Fedora Cardoo,Female,Sales Representative,862-536-9761,fcardoojc@reference.com,Newark,United States,New Jersey,24873 Talmadge Point,2018-05-05,57955-6044,2018-08-06,Second Class,Air,7188,jcb,2.41E+15,Good,2
2660,Kamba,321-62-5923,4314,Audi,Q7,Violet,2012,81670.31073,2,0.5,62756-093,Van Crathorne,Male,Systems Administrator IV,310-656-0953,vcrathornejm@technorati.com,Inglewood,United States,California,49185 Tony Junction,2018-05-05,51367-016,2018-05-05,Second Class,Truck,90310,jcb,2.94E+15,Okay,2
1471,Linkbuzz,531-21-5091,4526,Ford,Mustang,Violet,1987,72975.7317,1,0.68,21695-628,Teodoor O'Curneen,Male,Programmer Analyst IV,907-324-9843,tocurneenc5@google.it,Anchorage,United States,Alaska,774 Grasskamp Plaza,2018-05-05,21695-693,2018-11-06,Second Class,Truck,99599,jcb,2.70E+15,Very Good,2
3726,Edgeblab,279-37-6011,4164,Mazda,MX-5,Teal,2009,92260.95628,1,0.65,55289-697,Nissie Piller,Female,Safety Technician IV,415-795-6358,npiller11@ucoz.com,San Francisco,United States,California,5 Myrtle Circle,2018-05-05,0781-3167,2018-11-06,Standard Class,Air,94177,mastercard,3.39E+15,Very Good,2
2913,Jabbercube,514-83-2487,4132,Buick,Park Avenue,Yellow,2002,76818.19623,2,0.67,59779-224,Alain Kettell,Male,VP Quality Control,307-725-0907,akettell8l@qq.com,Cheyenne,United States,Wyoming,9 5th Road,2018-05-05,10812-510,2018-11-06,Second Class,Air,82007,visa-electron,4.48E+15,Okay,2
3819,Eabox,454-20-1364,4159,Audi,S5,Mauv,2010,71745.31335,1,0.52,0555-0860,Guillermo Schwerin,Male,Administrative Officer,318-136-6417,gschwerinp0@about.me,Shreveport,United States,Louisiana,1155 Eastwood Plaza,2018-05-05,36987-2764,2018-06-13,First Class,Truck,71166,visa-electron,4.36E+15,Good,2
2531,Abatz,694-21-0235,4794,Chevrolet,Express 3500,Yellow,1996,72815.15778,2,0.62,11527-163,Mateo Reolfi,Male,Compensation Analyst,812-832-2160,mreolfif1@jimdo.com,Jeffersonville,United States,Indiana,03655 Basil Road,2018-06-05,57520-0503,2018-12-05,Second Class,Truck,47134,jcb,1.49E+15,Very Good,2
2140,Eimbee,478-81-7750,3723,Audi,4000,Fuscia,1987,84296.0028,2,0.52,0378-6201,Thorvald Perry,Male,Senior Developer,336-892-5724,tperry90@cloudflare.com,Winston Salem,United States,North Carolina,99 Rusk Center,2018-06-05,65044-6518,2018-12-06,First Class,Truck,27110,jcb,4.92E+15,Very Good,2
3842,Yodoo,572-69-8273,4042,Chevrolet,Sportvan G10,Maroon,1993,90046.86013,1,0.67,41520-140,Esra Copp,Male,Dental Hygienist,702-291-8966,ecoppq3@myspace.com,Las Vegas,United States,Nevada,642 Merchant Point,2018-05-13,10019-033,2018-06-16,Second Class,Truck,89166,mastercard,3.45E+15,Very Good,2
3862,Kazu,356-08-4598,4816,Cadillac,Catera,Red,1997,69296.50968,1,0.57,55154-5627,Gottfried Danhel,Male,Graphic Designer,808-979-4450,gdanhelbi@tinyurl.com,Honolulu,United States,Hawaii,40 Graceland Place,2018-05-13,37000-363,2018-12-06,Standard Class,Air,96850,americanexpress,4.85E+15,Very Good,2
3057,Lazz,769-44-2351,3856,Plymouth,Laser,Maroon,1993,72398.1856,2,0.62,14783-451,Deina Tallyn,Female,Software Engineer I,205-699-3632,dtallyn7n@auda.org.au,Birmingham,United States,Alabama,2211 Novick Avenue,2018-05-13,37205-187,2018-06-17,First Class,Truck,35242,americanexpress,2.96E+15,Okay,2
2757,Twimbo,670-48-9406,4659,Porsche,911,Purple,1998,82826.65413,1,0.69,36987-3262,Estelle Gunter,Female,Business Systems Development Analyst,704-758-0797,egunternk@hatena.ne.jp,Charlotte,United States,North Carolina,54028 Welch Trail,2018-05-15,45802-101,2018-11-06,Second Class,Truck,28289,switch,2.81E+15,Very Good,2
3467,Yodel,298-99-8758,4693,Ford,Tempo,Turquoise,1988,90619.6067,2,0.53,49288-0606,Timmy Duck,Female,Payment Adjustment Coordinator,410-914-0768,tduckj@mapquest.com,Annapolis,United States,Maryland,90 Mendota Park,2018-05-16,57955-2282,2018-06-20,Standard Class,Truck,21405,jcb,4.66E+15,Good,2
1100,Realbridge,680-20-3768,4821,Chrysler,Pacifica,Yellow,2004,90031.269,1,0.69,51808-210,Ashton De Mattei,Male,Chief Design Engineer,518-108-0398,adeee@flavors.me,Albany,United States,New York,65 Alpine Terrace,2018-05-19,59779-620,2018-06-23,First Class,Truck,12210,diners-club-carte-blanche,2.10E+15,Very Good,2
3950,Rhynyx,389-86-5501,3960,Isuzu,Trooper,Green,1998,95678.00303,2,0.67,0603-4998,Carey Criple,Female,Web Designer III,803-129-5844,ccriplepb@vinaora.com,Columbia,United States,South Carolina,56 Vahlen Road,2018-05-19,68788-9107,2018-05-24,First Class,Truck,29208,americanexpress,4.73E+15,Bad,2
3205,Blognation,126-13-2125,4221,Volvo,C30,Turquoise,2009,76319.8765,1,0.53,33237-002,Christin Shottin,Female,Product Engineer,714-952-3051,cshottinex@posterous.com,Anaheim,United States,California,84726 Onsgard Way,2018-05-19,24385-054,2018-06-23,Standard Class,Air,92812,jcb,2.01E+15,Very Good,2
1167,Flashdog,784-59-9901,4207,Land Rover,Defender,Turquoise,1995,93476.55573,2,0.66,55154-5599,Daveta Inglesfield,Female,Budget/Accounting Analyst I,281-966-1049,dinglesfieldbr@ycombinator.com,Humble,United States,Texas,1 Jay Point,2018-05-19,52686-269,2018-06-23,First Class,Air,77346,jcb,2.93E+15,Okay,2
2049,Topicware,269-70-4570,4009,Ford,E250,Blue,2005,83284.9941,2,0.66,21130-255,Modesta MacEntee,Female,Mechanical Systems Engineer,301-279-8740,mmacenteee2@npr.org,Rockville,United States,Maryland,7 Algoma Center,2018-05-19,0472-0911,2018-06-23,Second Class,Truck,20851,instapayment,3.13E+15,Very Good,2
3254,Oyoba,193-04-1166,4902,Chevrolet,Avalanche,Puce,2007,93949.93943,1,0.63,55316-998,Curtis Aylmer,Male,Geological Engineer,714-764-4679,caylmerkc@wsj.com,Garden Grove,United States,California,8 Miller Point,2018-05-20,37000-410,2018-06-24,Second Class,Truck,92645,switch,3.13E+15,Good,2
1382,Trupe,108-37-5957,4285,Suzuki,Samurai,Khaki,1994,71299.85683,2,0.57,49884-929,Albert O'Cosgra,Male,Software Test Engineer II,585-649-1979,aocosgraqs@uol.com.br,Rochester,United States,New York,4622 Raven Circle,2018-05-20,59137-525,2018-06-24,Second Class,Air,14652,switch,1.74E+15,Good,2
3027,Yotz,808-58-8679,4107,Pontiac,Bonneville,Puce,1999,91396.7192,2,0.68,61598-200,Bobbi Collingdon,Female,Legal Assistant,210-748-9946,bcollingdon35@creativecommons.org,San Antonio,United States,Texas,65379 Marquette Avenue,2018-05-22,16590-954,2018-06-26,Standard Class,Truck,78220,switch,3.27E+15,Very Good,2
3874,Skimia,243-86-1776,4495,Lexus,GX,Mauv,2008,94889.77635,2,0.56,55910-199,Valentin Everix,Male,Community Outreach Specialist,386-190-6495,veverixnm@blog.com,Daytona Beach,United States,Florida,7732 Old Gate Pass,2018-05-22,42291-805,2018-06-26,First Class,Air,32123,maestro,4.63E+15,Good,2
2091,Flashdog,775-94-0831,4364,Ford,Freestar,Goldenrod,2005,87983.59223,2,0.7,16729-248,Anastasia Margiotta,Female,Chief Design Engineer,205-991-6553,amargiottani@photobucket.com,Birmingham,United States,Alabama,5 Lakeland Junction,2018-05-22,0268-1366,2018-05-26,Standard Class,Air,35290,jcb,2.28E+15,Okay,2
1823,Gabcube,869-49-1604,4413,Land Rover,Range Rover,Turquoise,2001,88138.53575,2,0.51,67253-264,Miran Poulsum,Female,Business Systems Development Analyst,334-636-2686,mpoulsum6a@g.co,Montgomery,United States,Alabama,815 Elka Court,2018-05-23,61919-416,2018-06-17,Second Class,Air,36134,solo,4.38E+15,Good,2
2616,Thoughtblab,799-32-0894,4846,Mazda,Mazdaspeed 3,Indigo,2007,93011.06045,2,0.69,55143-012,Alex Longhi,Female,Pharmacist,513-600-3392,alonghi6o@123-reg.co.uk,Cincinnati,United States,Ohio,3356 Burning Wood Pass,2018-05-23,54569-0650,2018-08-06,First Class,Air,45296,instapayment,2.56E+15,Very Good,2
3519,Buzzbean,893-55-3731,3722,Toyota,Camry,Indigo,2000,89470.3795,1,0.55,24385-594,Gawen McQuie,Male,Recruiting Manager,405-317-9391,gmcquieoi@forbes.com,Oklahoma City,United States,Oklahoma,74 Florence Road,2018-05-23,54868-6010,2018-09-06,First Class,Truck,73135,bankcard,2.10E+15,Okay,2
2329,Tanoodle,479-33-7555,3700,Mitsubishi,Lancer,Goldenrod,2004,68570.34448,2,0.58,43063-260,Zea Chevalier,Female,Accountant I,571-235-5048,zchevalierog@usda.gov,Arlington,United States,Virginia,37607 Kenwood Point,2018-05-24,68084-860,2018-06-28,Second Class,Truck,22217,jcb,4.46E+15,Bad,2
1866,Rhyzio,326-05-8520,3562,Mitsubishi,Starion,Aquamarine,1985,73092.03465,2,0.67,43063-392,Jillene Piotrowski,Female,Clinical Specialist,419-248-4272,jpiotrowskipi@slashdot.org,Lima,United States,Ohio,2053 Doe Crossing Trail,2018-05-25,48951-8025,2018-06-29,Same Day,Air,45807,jcb,3.30E+15,Bad,2
3124,Riffwire,446-64-7077,4921,Honda,Accord,Turquoise,1988,84166.84573,1,0.61,52125-271,Gratiana Dunkley,Female,Structural Analysis Engineer,310-744-6141,gdunkley3f@chron.com,Torrance,United States,California,1 Lerdahl Parkway,2018-05-25,50436-4842,2018-06-29,First Class,Air,90505,visa-electron,3.58E+15,Bad,2
3879,Buzzster,234-06-5587,3714,Pontiac,Firebird,Purple,1984,74410.1152,2,0.61,0338-6307,Antonetta Ebden,Female,Mechanical Systems Engineer,818-248-5591,aebdenhp@webmd.com,Torrance,United States,California,53 Emmet Plaza,2018-05-26,57520-0638,2018-06-17,Second Class,Air,90510,jcb,2.91E+15,Okay,2
2549,Avamm,637-01-6190,3897,Lexus,CT,Teal,2011,69190.91035,2,0.68,64406-016,Archer Cocks,Male,Structural Analysis Engineer,612-402-9869,acocks8s@rambler.ru,Minneapolis,United States,Minnesota,24 Mayer Pass,2018-05-26,76075-101,2018-06-30,Second Class,Truck,55441,jcb,2.47E+15,Okay,2
1058,Edgeify,244-83-6199,3952,Buick,Somerset,Turquoise,1987,93119.29903,1,0.6,23155-112,Loria Chander,Female,Structural Analysis Engineer,318-180-8398,lchanderg7@ox.ac.uk,Alexandria,United States,Louisiana,45 Steensland Lane,2018-05-27,57691-108,2018-06-07,Second Class,Air,71307,jcb,3.06E+15,Good,2
2459,Feedfire,313-61-3862,4171,BMW,M5,Pink,2000,82933.94453,2,0.62,61139-513,Thorpe Gerry,Male,Human Resources Manager,917-561-1487,tgerrykb@barnesandnoble.com,Flushing,United States,New York,1254 Susan Pass,2018-05-27,65862-148,2018-06-07,Standard Class,Truck,11388,bankcard,1.89E+15,Very Bad,2
2126,Brightdog,535-02-7483,4301,Volvo,S60,Purple,2005,83793.73398,2,0.69,63629-5013,Rickie Laingmaid,Male,Community Outreach Specialist,860-657-8323,rlaingmaidiz@ow.ly,Hartford,United States,Connecticut,4707 Katie Terrace,2018-05-27,0173-0842,2018-06-17,First Class,Air,6105,diners-club-carte-blanche,2.98E+15,Good,2
1470,Eamia,815-68-4554,3937,Infiniti,G37,Yellow,2011,89517.4559,2,0.59,43269-780,Armstrong Cripin,Male,Chemical Engineer,574-485-6534,acripin4u@loc.gov,South Bend,United States,Indiana,08365 Pepper Wood Center,2018-05-28,43063-401,2018-06-17,Second Class,Truck,46620,jcb,3.51E+15,Good,2
2252,Vimbo,614-88-1667,4751,Dodge,Ram 2500,Blue,2008,83335.8241,2,0.52,41520-199,Arlinda Stocker,Female,VP Accounting,972-525-5279,astocker24@domainmarket.com,Dallas,United States,Texas,41 Cody Road,2018-05-29,51141-2000,2018-12-06,Second Class,Air,75221,diners-club-us-ca,3.64E+15,Okay,2
2952,Oyoyo,492-33-7581,4890,Mitsubishi,Excel,Teal,1989,84029.51675,1,0.51,47593-359,Laurette Carn,Female,Developer IV,334-396-2155,lcarn7b@upenn.edu,Montgomery,United States,Alabama,93 Loomis Lane,2018-05-29,63146-103,2018-06-27,Standard Class,Air,36177,visa-electron,3.02E+15,Good,2
1225,Bubblemix,617-67-0879,4489,Chevrolet,Camaro,Maroon,1969,76380.58903,1,0.67,52584-900,Erminie McCook,Female,Account Executive,412-232-2228,emccookjg@constantcontact.com,Pittsburgh,United States,Pennsylvania,4802 Meadow Vale Alley,2018-05-30,43742-0195,2018-12-06,First Class,Truck,15279,jcb,2.82E+15,Very Good,2
3203,Dablist,716-73-1584,4765,Jeep,Wrangler,Blue,2008,78814.73998,1,0.67,62756-552,Alford Mainds,Male,Account Representative I,212-751-9768,amaindsoo@wiley.com,New York City,United States,New York,0 Mitchell Parkway,2018-05-30,49781-121,2018-10-06,Same Day,Air,10009,laser,1.33E+15,Good,2
1184,Vimbo,364-64-8840,4538,Ford,Club Wagon,Teal,1993,91183.17455,1,0.57,49693-1801,Barbee Cathel,Female,Chemical Engineer,812-935-0173,bcathelk@paginegialle.it,Bloomington,United States,Indiana,618 Bunting Court,2018-04-06,49035-449,2018-06-07,Same Day,Truck,47405,china-unionpay,3.67E+15,Very Bad,2
1028,Feedfire,634-55-4653,4447,Subaru,Justy,Crimson,1988,88255.20038,1,0.52,54868-5732,Archer Landsborough,Male,Speech Pathologist,408-440-1522,alandsborough9@chron.com,San Jose,United States,California,04 Knutson Drive,2018-04-06,45802-283,2018-06-07,Standard Class,Truck,95113,jcb,4.71E+15,Very Bad,2
3038,Vinder,896-31-1379,4184,Nissan,Frontier,Pink,2011,70396.8912,1,0.62,37205-844,Ahmed Lodeke,Male,Computer Systems Analyst II,415-143-7910,alodekeot@state.tx.us,San Francisco,United States,California,004 Oriole Pass,2018-04-06,51079-300,2018-06-07,Second Class,Truck,94154,diners-club-enroute,4.66E+15,Very Good,2
3333,Realbuzz,445-01-2969,4151,Hyundai,Tucson,Red,2010,82514.63613,1,0.66,59115-130,Judah Greatbank,Male,Executive Secretary,646-181-7404,jgreatbank59@skype.com,New York City,United States,New York,2421 Fair Oaks Way,2018-04-06,64058-242,2018-11-06,Standard Class,Air,10099,visa,3.02E+15,Good,2
3275,Kwilith,362-39-7487,3942,Chevrolet,Camaro,Khaki,1967,78917.02558,2,0.62,59310-175,Vevay Stagg,Female,Registered Nurse,256-669-1494,vstaggg0@hao123.com,Gadsden,United States,Alabama,267 Redwing Pass,2018-04-06,24330-410,2018-11-06,Second Class,Air,35905,diners-club-carte-blanche,1.64E+15,Very Good,2
1894,Skinix,463-73-5608,4180,Nissan,Frontier,Orange,2007,77007.32293,2,0.51,10348-010,Saloma Dilley,Female,Project Manager,212-512-5743,sdilley4o@samsung.com,New York City,United States,New York,42 Canary Way,2018-04-06,43742-0206,2018-06-07,Second Class,Air,10110,diners-club-enroute,3.26E+15,Okay,2
2384,Eadel,781-79-0596,3516,Toyota,Sequoia,Indigo,2009,91632.00345,1,0.69,21695-575,Karlen Cocozza,Female,Associate Professor,253-458-2304,kcocozzam3@yolasite.com,Lakewood,United States,Washington,4 Utah Point,2018-04-06,51439-006,2018-06-07,Same Day,Truck,98498,diners-club-us-ca,3.20E+15,Very Bad,2
1890,Youopia,404-01-9457,4388,Ford,Festiva,Aquamarine,1990,83543.55263,1,0.54,43419-028,Bernardina Simkin,Female,VP Accounting,405-340-4762,bsimkinje@angelfire.com,Oklahoma City,United States,Oklahoma,03903 Mccormick Parkway,2018-05-06,0113-0459,2018-06-07,First Class,Truck,73179,bankcard,1.96E+15,Very Good,2
3613,Pixoboo,447-09-8553,3961,Chevrolet,Suburban 2500,Aquamarine,2007,96110.40993,1,0.61,10705-077,Selie Hurkett,Female,Biostatistician III,425-214-6202,shurkettac@g.co,Seattle,United States,Washington,713 Rutledge Crossing,2018-04-06,10202-384,2018-06-07,Same Day,Truck,98140,diners-club-enroute,1.75E+15,Bad,2
2866,Topicstorm,694-43-6986,4787,Mazda,MPV,Khaki,2006,82133.71415,2,0.52,68703-004,Renell Spacy,Female,Actuary,915-966-6526,rspacy8h@mozilla.org,El Paso,United States,Texas,4811 Stone Corner Street,2018-04-06,16477-152,2018-07-07,First Class,Air,79905,jcb,1.59E+15,Okay,2
3850,Browsecat,157-75-3159,3816,Hyundai,Veracruz,Mauv,2010,93097.66695,2,0.57,60660-7786,Richy Louth,Male,Professor,646-558-3330,rlouthi9@blogspot.com,New York City,United States,New York,6546 Hazelcrest Plaza,2018-04-06,49738-178,2018-07-07,Standard Class,Truck,10060,jcb,2.20E+15,Okay,2
1221,Shufflester,342-84-4393,4545,Kia,Sedona,Khaki,2003,89806.78613,1,0.65,76237-153,Cindy Gertray,Female,Recruiter,404-979-2302,cgertray6n@mapy.cz,Atlanta,United States,Georgia,01044 Dayton Center,2018-04-06,51060-010,2018-08-07,Same Day,Air,30343,maestro,2.13E+15,Very Good,2
1726,Avaveo,696-61-0894,4068,GMC,Sierra 3500,Red,2007,84333.8907,1,0.7,30142-163,Aguie Woodland,Male,Data Coordiator,915-616-9370,awoodland1f@fema.gov,El Paso,United States,Texas,06 Northland Parkway,2018-04-06,63629-4358,2018-06-17,Same Day,Truck,79905,visa,2.58E+15,Bad,2
2805,Livefish,446-22-1421,4170,Chevrolet,Metro,Turquoise,2000,93908.56185,2,0.69,55118-545,Ward Burston,Male,Director of Sales,907-593-8008,wburstonir@deliciousdays.com,Anchorage,United States,Alaska,07 Sachtjen Road,2018-04-06,75862-021,2018-08-07,Standard Class,Air,99512,jcb,4.87E+15,Very Bad,2
1357,Npath,147-85-9606,4686,Dodge,Daytona,Goldenrod,1984,69338.9234,2,0.6,47593-507,Chick MacCracken,Male,Administrative Assistant IV,210-345-2970,cmaccrackencu@wsj.com,San Antonio,United States,Texas,41409 Oakridge Park,2018-04-06,30142-098,2018-08-07,Standard Class,Air,78220,jcb,2.39E+15,Bad,2
2160,Yakijo,289-85-2357,4402,Cadillac,DTS,Fuscia,2010,84401.70965,2,0.7,75936-123,Hailey Doorbar,Male,Human Resources Manager,402-260-7696,hdoorbaru@un.org,Lincoln,United States,Nebraska,3711 Leroy Junction,2018-04-06,54868-4525,2018-08-07,Standard Class,Air,68531,jcb,4.89E+15,Very Good,2
3586,Skilith,331-95-9623,4260,Mitsubishi,Tredia,Puce,1988,94893.99915,1,0.6,10477-7603,Glenine Abelevitz,Female,Accountant IV,202-699-6634,gabelevitza0@ow.ly,Laurel,United States,Maryland,5 Mayer Hill,2018-04-06,60429-555,2018-08-07,Same Day,Truck,20709,jcb,2.31E+15,Okay,2
3837,Gabspot,431-91-7448,3787,Subaru,Impreza,Blue,2003,92405.5774,1,0.55,49349-191,Richardo Beaver,Male,Programmer II,210-648-7948,rbeaver3b@yelp.com,San Antonio,United States,Texas,661 Trailsway Crossing,2018-04-06,0093-5514,2018-10-06,Same Day,Truck,78291,americanexpress,2.20E+15,Good,2
1859,Kazu,267-59-2200,3879,Infiniti,EX,Crimson,2009,72001.3597,2,0.57,68220-160,Renato Bahike,Male,Accounting Assistant II,202-177-3286,rbahike3x@parallels.com,Washington,United States,District of Columbia,6 Declaration Street,2018-04-06,65044-2215,2018-08-07,Second Class,Air,20220,jcb,1.89E+15,Very Good,2
1684,Vidoo,159-34-3380,3858,Mercury,Sable,Khaki,1996,86589.55993,1,0.7,48951-3141,Zitella Thackston,Female,Financial Advisor,574-367-5341,zthackstonrj@theglobeandmail.com,South Bend,United States,Indiana,1513 Chive Junction,2018-04-06,0548-3015,2018-07-06,Standard Class,Air,46614,maestro,2.14E+15,Very Bad,2
2787,Voonix,547-76-0965,4977,Volvo,XC60,Purple,2012,68471.96888,1,0.51,49288-0591,Becka Barlass,Female,Teacher,404-602-8109,bbarlassea@jugem.jp,Atlanta,United States,Georgia,0 Fisk Point,2018-04-06,11822-0542,2018-08-07,Standard Class,Truck,30368,diners-club-carte-blanche,1.39E+15,Very Good,2
1207,Brainsphere,862-61-5064,4721,Isuzu,i-370,Khaki,2007,75395.22993,2,0.64,52584-482,Cy Trenoweth,Male,Developer IV,214-881-4939,ctrenowethlv@odnoklassniki.ru,Dallas,United States,Texas,8117 Evergreen Plaza,2018-04-06,36987-3033,2018-08-07,Same Day,Truck,75260,jcb,4.17E+15,Very Good,2
3442,Flashdog,128-57-5591,3619,Chevrolet,Caprice,Fuscia,1977,89893.69565,2,0.52,43857-0300,Herminia Van Daalen,Female,Desktop Support Technician,302-561-6303,hvanob@sourceforge.net,Wilmington,United States,Delaware,9412 Cody Place,2018-04-06,48951-2021,2018-09-07,Second Class,Air,19805,americanexpress,4.19E+15,Very Good,2
1316,Divape,645-85-7740,4868,Toyota,Tundra,Goldenrod,2004,82840.06543,1,0.57,61755-001,Jobye Dowzell,Female,VP Marketing,504-530-3056,jdowzell82@youtube.com,New Orleans,United States,Louisiana,642 Main Parkway,2018-04-06,61727-310,2018-09-07,Same Day,Air,70142,mastercard,2.53E+15,Very Good,2
1821,Yozio,446-25-6296,4498,Jaguar,XK Series,Maroon,2005,86174.20063,2,0.54,66758-004,Wilmar Rennebach,Male,Clinical Specialist,571-864-7389,wrennebach4b@fastcompany.com,Alexandria,United States,Virginia,57101 Clove Hill,2018-05-06,62011-0200,2018-10-07,Same Day,Air,22313,jcb,1.36E+15,Bad,2
3001,Twitternation,851-77-9525,3934,Chevrolet,G-Series G10,Puce,1994,71889.7683,1,0.51,55711-070,Giavani Hugle,Male,Media Manager III,434-419-7151,ghuglera@edublogs.org,Charlottesville,United States,Virginia,5750 Carey Hill,2018-05-06,33261-039,2018-12-07,Same Day,Air,22903,diners-club-enroute,1.37E+15,Good,2
1534,Jetpulse,635-30-3693,4541,Suzuki,Vitara,Indigo,2004,71353.7073,2,0.58,64942-1174,Glenn Vasilyev,Male,Actuary,202-205-3928,gvasilyevk2@illinois.edu,Washington,United States,District of Columbia,68 Kinsman Avenue,2018-05-06,53645-1020,2018-12-07,Standard Class,Air,20530,mastercard,2.01E+15,Very Good,2
2950,Tagpad,273-17-9329,4607,Kia,Sedona,Blue,2011,97159.59978,2,0.62,36800-618,Bambie Freemantle,Female,Dental Hygienist,504-116-7257,bfreemantlen5@barnesandnoble.com,New Orleans,United States,Louisiana,85 Veith Junction,2018-06-06,76344-5001,2018-07-13,First Class,Air,70174,jcb,3.93E+15,Good,2
3168,Voomm,595-39-1214,4336,Honda,Accord,Teal,1985,70029.84973,1,0.56,62296-0036,Bert Giacomoni,Female,Nurse Practicioner,303-624-6971,bgiacomonimz@about.me,Denver,United States,Colorado,74 Memorial Avenue,2018-04-06,101781-2693,2018-07-13,Second Class,Truck,80270,americanexpress,4.23E+15,Very Bad,2
1124,Oyoyo,440-82-9219,4703,Ford,Taurus X,Crimson,2008,72691.13258,2,0.55,54838-101,Barry Delves,Female,Analog Circuit Design manager,315-420-4107,bdelvesb@zimbio.com,Syracuse,United States,New York,7265 Buell Trail,2018-05-06,60512-1035,2018-07-14,Same Day,Truck,13217,jcb,4.18E+15,Okay,2
1259,Skiptube,584-51-0938,4719,Ford,Aerostar,Goldenrod,1996,96492.39738,2,0.7,76126-007,Egbert Cassely,Male,Nurse,516-923-9987,ecasselymk@google.com.au,Hicksville,United States,New York,84859 Buell Terrace,2018-06-13,14783-472,2018-07-18,First Class,Air,11854,jcb,1.83E+15,Very Bad,2
2213,Innojam,188-55-0225,3889,Mercedes-Benz,SL-Class,Turquoise,2009,95753.09458,2,0.63,49693-1801,Barbee Cathel,Female,Chemical Engineer,812-935-0173,bcathelk@paginegialle.it,Bloomington,United States,Indiana,618 Bunting Court,2018-06-14,28107-003,2018-07-19,Second Class,Air,47405,china-unionpay,3.67E+15,Bad,2
2915,Mybuzz,632-59-2978,4421,BMW,M3,Turquoise,2009,92676.62838,2,0.6,68788-9728,Erv Manville,Male,Senior Developer,423-655-8690,emanvillef@shareasale.com,Chattanooga,United States,Tennessee,98287 Tennessee Place,2018-06-19,65862-082,2018-07-24,Same Day,Air,37416,visa,1.99E+15,Good,2
2438,Feedfish,327-94-5292,4332,Chevrolet,Cruze,Violet,2012,72041.84775,2,0.54,54973-3112,Mallissa O'Connel,Female,Geologist I,520-158-6292,moconnelkz@discuz.net,Tucson,United States,Arizona,231 Coolidge Hill,2018-06-19,0185-0055,2018-07-24,First Class,Air,85715,china-unionpay,1.67E+15,Bad,2
1740,Skinte,481-10-5521,4491,GMC,Sierra 3500,Blue,2006,71698.23695,1,0.65,0179-1804,Charmaine Agiolfinger,Female,Speech Pathologist,501-974-3049,cagiolfingerj2@cdbaby.com,North Little Rock,United States,Arkansas,78 Lakeland Crossing,2018-06-19,30142-246,2018-07-24,First Class,Truck,72118,visa-electron,1.51E+15,Very Good,2
3170,Divavu,695-01-2565,4083,Chevrolet,Camaro,Goldenrod,1969,79346.50975,2,0.63,60971-1176,Pammie Drover,Female,Mechanical Systems Engineer,469-818-7917,pdroverft@psu.edu,Irving,United States,Texas,0 Glendale Road,2018-06-19,51389-119,2018-07-24,Second Class,Truck,75062,jcb,4.18E+15,Bad,2
3264,Oyoba,131-70-4415,4213,Lexus,IS,Violet,2005,81678.91273,1,0.61,0093-6126,Nichole Longlands,Female,VP Sales,269-868-5073,nlonglands1j@auda.org.au,Kalamazoo,United States,Michigan,659 Mitchell Alley,2018-06-20,54868-6368,2018-07-25,Same Day,Truck,49048,switch,4.85E+15,Good,2
2308,Camimbo,498-21-3639,3898,Mercedes-Benz,400E,Violet,1993,69620.50205,2,0.57,54162-004,Kacie Sheer,Female,Senior Developer,303-348-1911,ksheerhd@bigcartel.com,Aurora,United States,Colorado,552 Eagan Parkway,2018-06-21,59535-1051,2018-07-26,Standard Class,Truck,80045,mastercard,4.03E+15,Okay,2
1751,Flashspan,861-42-1270,3807,Pontiac,Firefly,Aquamarine,1995,91247.87528,1,0.58,51079-768,Shelby Morratt,Female,Civil Engineer,212-684-7274,smorratt83@4shared.com,New York City,United States,New York,16713 Larry Place,2018-06-22,60505-0027,2018-07-27,Standard Class,Truck,10260,diners-club-carte-blanche,3.82E+15,Good,2
1833,Oyondu,709-84-4340,4584,Subaru,Impreza WRX,Fuscia,2010,86069.70588,2,0.67,30142-733,Karolina Churcher,Female,Social Worker,813-436-5461,kchurcher9o@bloglines.com,Zephyrhills,United States,Florida,16 Atwood Center,2018-06-22,0555-0286,2018-07-27,Standard Class,Air,33543,jcb,1.34E+15,Very Good,2
2041,Thoughtblab,542-88-8254,4292,Toyota,Celica,Yellow,1994,84273.93085,2,0.62,37808-817,Morgun Pfaff,Male,Senior Quality Engineer,850-978-0378,mpfaff2z@economist.com,Pensacola,United States,Florida,0300 Colorado Avenue,2018-06-23,36800-443,2018-07-28,First Class,Air,32575,jcb,3.24E+15,Bad,2
1591,Yakidoo,420-88-5799,3630,Cadillac,CTS,Khaki,2010,81527.70325,2,0.56,63736-013,Weston Wastie,Male,Technical Writer,309-672-2081,wwastieha@surveymonkey.com,Peoria,United States,Illinois,11784 Orin Road,2018-06-25,50742-109,2018-07-30,Same Day,Air,61629,jcb,2.56E+15,Okay,2
3140,Jetwire,380-58-4074,4468,Nissan,Pathfinder,Teal,1995,80148.56805,2,0.58,52685-427,Kakalina Parsonson,Female,Web Designer I,314-432-6890,kparsonsonaw@mysql.com,Saint Louis,United States,Missouri,9 Mayer Hill,2018-06-25,0603-3968,2018-07-30,Standard Class,Air,63136,laser,3.13E+15,Bad,2
3122,Skaboo,404-75-2325,4377,Pontiac,G8,Goldenrod,2008,69631.71398,2,0.67,60505-2664,Vinson Derges,Male,Account Coordinator,915-394-0885,vdergesl1@businessinsider.com,El Paso,United States,Texas,6694 Cardinal Court,2018-06-25,13537-138,2018-07-30,Same Day,Air,79940,china-unionpay,1.65E+15,Very Bad,2
3637,Divanoodle,389-66-3576,3611,Ford,Mustang,Puce,1970,78245.48308,2,0.51,42924-001,Chere Rawles,Female,Payment Adjustment Coordinator,562-959-0913,crawleskg@nature.com,Anaheim,United States,California,24 8th Place,2018-06-26,42023-167,2018-07-31,Second Class,Truck,92805,bankcard,3.65E+15,Very Bad,2
3082,Rhycero,141-80-2703,4826,Ford,Tempo,Goldenrod,1991,81411.2048,2,0.56,41250-167,Ronni Humpage,Female,Librarian,434-442-0666,rhumpager1@usgs.gov,Charlottesville,United States,Virginia,24 Moulton Point,2018-06-26,55154-4989,2018-07-31,Second Class,Air,22908,bankcard,1.29E+15,Okay,2
1935,Skinte,389-77-7542,4508,Volkswagen,Cabriolet,Turquoise,2000,93724.76253,2,0.55,0404-6620,Nickey Truelock,Male,Engineer IV,202-797-0779,ntruelockn0@rambler.ru,Washington,United States,District of Columbia,05 Debra Circle,2018-06-26,55154-6260,2018-07-31,Standard Class,Air,20260,mastercard,4.93E+15,Very Bad,2
3193,Jayo,213-30-7079,3727,Mazda,MPV,Green,1990,75350.783,1,0.62,52810-212,Rainer Donaway,Male,Recruiter,405-499-0654,rdonawayeq@indiegogo.com,Oklahoma City,United States,Oklahoma,2864 Golf Hill,2018-06-05,63459-201,2018-08-08,Standard Class,Truck,73167,americanexpress,2.17E+15,Good,2
1981,Jayo,121-93-3637,4536,Dodge,Ram Van 1500,Blue,1998,74482.97805,2,0.58,41250-236,Cori Shillitoe,Female,Geologist II,559-979-3676,cshillitoehl@oakley.com,Fresno,United States,California,8 Meadow Vale Lane,2018-06-28,60512-6445,2018-07-08,Standard Class,Truck,93762,visa-electron,1.90E+15,Very Bad,2
1721,Aimbo,461-15-9988,3527,Pontiac,Firefly,Maroon,1990,69000.50313,1,0.63,0378-3000,Reinald Dayley,Male,Tax Accountant,254-365-4444,rdayleybq@friendfeed.com,Waco,United States,Texas,2 Nelson Way,2018-06-21,68703-126,2018-07-17,Standard Class,Truck,76711,diners-club-international,1.32E+15,Very Bad,2
1315,Fanoodle,437-49-2246,4291,Volkswagen,Jetta,Turquoise,1984,91477.16745,2,0.55,51346-179,Ricoriki Egalton,Male,Help Desk Technician,512-959-3351,regaltonv@ning.com,Austin,United States,Texas,508 Hazelcrest Lane,2018-06-13,65342-1377,2018-08-11,Standard Class,Truck,78783,jcb,4.21E+15,Good,2
3247,Geba,590-21-5146,4218,Honda,Accord,Fuscia,1992,72769.80178,1,0.57,57664-056,Kincaid Wavish,Male,Clinical Specialist,772-246-8311,kwavishlt@ebay.com,Port Saint Lucie,United States,Florida,84734 Lakewood Center,2018-06-28,52164-1120,2018-07-10,Same Day,Truck,34985,jcb,4.33E+15,Bad,2
1435,Kwimbee,129-61-5552,4881,Buick,Park Avenue,Goldenrod,2004,88883.11705,2,0.5,0024-2792,Hobie McRoberts,Male,Civil Engineer,720-577-2387,hmcrobertsl3@dagondesign.com,Denver,United States,Colorado,740 Bowman Parkway,2018-06-29,63629-3868,2018-08-18,First Class,Air,80209,jcb,4.33E+15,Very Bad,2
2613,Demimbu,324-61-2750,4918,Audi,5000S,Aquamarine,1988,97395.57805,2,0.68,63629-1346,Timoteo Lidgertwood,Male,Senior Cost Accountant,314-533-2582,tlidgertwoodql@deviantart.com,Saint Louis,United States,Missouri,74 South Place,2018-06-30,75936-111,2018-07-12,Standard Class,Air,63121,jcb,3.32E+15,Bad,2
1446,Skyvu,862-89-1699,4574,BMW,M3,Aquamarine,1999,72699.7248,2,0.59,42546-175,Neils Mandrey,Male,Financial Advisor,719-217-4001,nmandreykv@newyorker.com,Colorado Springs,United States,Colorado,34 Jana Crossing,2018-06-23,0179-0013,2018-07-08,Second Class,Truck,80951,visa,2.73E+15,Bad,2
3847,Divavu,445-13-1357,4091,Volkswagen,Cabriolet,Green,1989,70843.97038,2,0.56,55154-3953,Lamond O'Cullinane,Male,Information Systems Manager,419-542-7357,locullinanebh@icq.com,Toledo,United States,Ohio,44 Loftsgordon Trail,2018-06-14,41250-897,2018-08-08,Same Day,Air,43610,visa,3.65E+15,Very Bad,2
2279,Babbleblab,157-37-9651,3697,Chrysler,300,Purple,2010,74476.21375,2,0.56,41163-271,Eirena Mardlin,Female,Analyst Programmer,240-369-8151,emardlin5x@i2i.jp,Frederick,United States,Maryland,41 Forest Dale Plaza,2018-06-19,41268-215,2018-07-08,First Class,Truck,21705,jcb,3.55E+15,Okay,2
2121,Topiczoom,198-06-5450,4892,Volkswagen,Jetta,Orange,1995,88621.4012,1,0.62,53877-009,Jodee Bouskill,Female,Food Chemist,304-233-3877,jbouskill9u@columbia.edu,Charleston,United States,West Virginia,5490 Darwin Point,2018-04-05,51452-004,2018-07-06,Second Class,Truck,25336,china-unionpay,2.53E+15,Okay,2
3843,Kayveo,862-38-4615,3518,Lincoln,Mark VIII,Khaki,1994,68732.2478,1,0.65,36987-1248,Opal Leynham,Female,Social Worker,305-111-7318,oleynham9j@wordpress.org,Miami Beach,United States,Florida,680 Mendota Trail,2018-04-05,53499-5149,2018-05-17,Same Day,Air,33141,jcb,4.28E+15,Very Good,2
1374,Avamba,816-89-3650,3634,Chevrolet,Express,Purple,2009,74569.03715,2,0.55,64725-0773,Bronny Gerren,Male,Systems Administrator II,951-583-5929,bgerrenbj@wikipedia.org,Corona,United States,California,0 Carberry Junction,2018-04-05,55910-105,2018-08-06,First Class,Truck,92883,jcb,2.28E+15,Bad,2
2285,Skyvu,416-99-8611,3642,Mazda,MX-5,Goldenrod,2005,80523.96715,2,0.68,68180-750,Modestine Gruszczak,Female,Senior Quality Engineer,304-666-2523,mgruszczakhm@tuttocitta.it,Charleston,United States,West Virginia,4458 Hagan Court,2018-04-05,65044-0611,2018-05-16,Second Class,Air,25336,visa-electron,3.90E+15,Good,2
2651,Blogtag,188-43-3442,3779,Cadillac,Eldorado,Yellow,1999,92736.7153,1,0.51,51060-045,Dione McPartling,Female,Help Desk Technician,478-506-3914,dmcpartling7a@diigo.com,Macon,United States,Georgia,2072 Sullivan Street,2018-05-05,65342-0100,2018-12-05,Second Class,Truck,31217,visa-electron,2.51E+15,Very Good,2
3906,Skyble,237-88-3514,4533,Honda,Odyssey,Pink,1998,71915.32015,2,0.54,49520-501,Trevar Robjohns,Male,Account Representative III,202-559-1909,trobjohnsc8@com.com,Washington,United States,District of Columbia,72616 4th Junction,2018-05-05,66993-664,2018-08-06,Standard Class,Air,20099,diners-club-carte-blanche,1.98E+15,Very Good,2
3052,Digitube,207-36-7790,4577,Chevrolet,Corvette,Khaki,1995,79991.0928,1,0.51,65044-1791,Elnore Lampens,Female,Dental Hygienist,816-780-8665,elampenso6@youtube.com,Kansas City,United States,Missouri,17 Briar Crest Parkway,2018-05-05,54575-196,2018-05-05,Second Class,Truck,64199,diners-club-carte-blanche,4.86E+15,Very Bad,2
1453,Thoughtbeat,259-56-9594,4546,Dodge,Challenger,Crimson,2011,97103.85295,1,0.64,0527-1326,Alisa Eastcott,Female,GIS Technical Architect,616-544-3343,aeastcottbe@hp.com,Grand Rapids,United States,Michigan,55959 Stone Corner Place,2018-05-05,64406-005,2018-11-06,Same Day,Truck,49505,jcb,4.84E+15,Very Good,2
2705,Jaxnation,781-99-3876,3781,Mitsubishi,Lancer Evolution,Green,2003,88262.33613,1,0.61,52959-386,Ursuline Burniston,Female,Web Designer IV,806-641-9906,uburnistonde@mozilla.com,Amarillo,United States,Texas,311 Briar Crest Crossing,2018-05-05,68788-9714,2018-11-06,Same Day,Air,79165,diners-club-international,2.76E+15,Very Good,2
3302,Oyoloo,893-14-6140,4580,Lexus,IS-F,Fuscia,2010,83047.83305,1,0.7,62175-891,Artie Ride,Male,Geologist I,860-222-3821,aride3k@yolasite.com,Hartford,United States,Connecticut,53 Carpenter Parkway,2018-05-05,51393-6668,2018-11-06,Standard Class,Air,6160,jcb,4.05E+15,Okay,2
1600,Thoughtmix,257-54-9039,4369,Isuzu,Trooper,Purple,1994,74401.435,1,0.5,57955-5130,Jenica Brydson,Female,Engineer I,816-136-8177,jbrydsonc1@hhs.gov,Kansas City,United States,Missouri,16093 Starling Pass,2018-04-05,61748-025,2018-06-13,Second Class,Air,64190,maestro,3.44E+15,Bad,2
2762,Dynabox,296-82-0168,4855,Lotus,Elise,Goldenrod,2009,88820.58638,2,0.51,10544-151,Amata Dell,Female,Editor,806-764-4623,adelles@macromedia.com,Lubbock,United States,Texas,39 Kingsford Alley,2018-06-05,10096-0258,2018-12-05,Standard Class,Truck,79405,jcb,1.99E+15,Bad,2
3543,Tagtune,131-48-8804,4701,Nissan,Maxima,Violet,1997,72738.57065,1,0.64,49348-274,Roberto Voase,Male,Structural Engineer,626-727-2694,rvoase47@harvard.edu,Los Angeles,United States,California,38271 6th Pass,2018-06-05,21695-388,2018-12-06,Same Day,Truck,90020,mastercard,3.36E+15,Okay,2
3984,Wordtune,171-31-0268,4453,Volkswagen,GTI,Indigo,2000,91478.34045,2,0.52,0395-1003,Winston Denness,Male,Food Chemist,903-214-7052,wdennessgc@harvard.edu,Tyler,United States,Texas,42960 Dorton Drive,2018-05-13,57237-082,2018-06-16,Same Day,Truck,75705,switch,1.76E+15,Okay,2
3978,Skidoo,251-58-6250,4672,Hyundai,Tucson,Pink,2011,93301.95468,2,0.54,50436-6624,Clea Hubball,Female,Geologist II,256-259-5219,chubballbm@adobe.com,Gadsden,United States,Alabama,95551 Clyde Gallagher Drive,2018-05-13,16781-391,2018-12-06,Standard Class,Truck,35905,mastercard,2.11E+15,Very Good,2
1065,Fadeo,433-83-1238,4618,Mitsubishi,Precis,Aquamarine,1994,87969.74105,1,0.55,0944-4351,Joan Beddon,Female,Marketing Manager,206-955-3681,jbeddon25@nydailynews.com,Seattle,United States,Washington,9170 Delladonna Place,2018-05-13,51367-008,2018-06-17,Second Class,Air,98127,jcb,2.21E+15,Bad,2
2538,Bubbletube,871-57-6028,4974,Dodge,Ram 2500,Goldenrod,2007,72803.8481,1,0.51,60760-224,Louie Hinsche,Male,Mechanical Systems Engineer,907-966-3323,lhinsche0@comcast.net,Anchorage,United States,Alaska,1 Independence Circle,2018-05-15,0268-6694,2018-11-06,Standard Class,Truck,99522,diners-club-carte-blanche,2.17E+15,Bad,2
3544,Fanoodle,135-31-7982,4075,Chevrolet,Astro,Pink,1997,72410.08178,2,0.55,0378-3005,Arte De Angelo,Male,Human Resources Assistant II,916-986-0177,adeg3@wunderground.com,Sacramento,United States,California,483 Eliot Point,2018-05-16,0270-1314,2018-06-20,Same Day,Air,95852,diners-club-carte-blanche,2.98E+15,Okay,2
1985,Yambee,777-13-2094,3909,Ferrari,599 GTB Fiorano,Mauv,2009,86617.24273,1,0.7,55316-426,Dylan Shotter,Male,Recruiting Manager,405-127-5273,dshotterpk@wordpress.com,Oklahoma City,United States,Oklahoma,866 Maryland Place,2018-05-19,57520-0111,2018-06-23,First Class,Truck,73129,switch,2.89E+15,Bad,2
1359,Thoughtbridge,782-90-9359,4102,Plymouth,Sundance,Blue,1993,93062.93638,2,0.5,0006-0740,Tirrell Hegg,Male,Account Executive,916-275-2214,theggr6@stumbleupon.com,Sacramento,United States,California,542 Spenser Hill,2018-05-19,16590-774,2018-05-24,Second Class,Truck,95823,maestro,4.29E+15,Okay,2
2661,Feedfire,731-48-0736,4410,Ford,LTD Crown Victoria,Mauv,1985,94379.23788,1,0.56,54868-3533,Cacilia Vina,Female,Paralegal,512-316-7266,cvinalo@storify.com,Austin,United States,Texas,83323 Commercial Court,2018-05-19,60429-145,2018-06-23,Second Class,Air,78715,switch,4.98E+15,Very Bad,2
1436,Skibox,397-55-9995,3833,Mazda,B2000,Green,1985,80972.66898,1,0.64,75936-113,Brose Warlaw,Male,Senior Developer,912-146-7423,bwarlawgg@auda.org.au,Savannah,United States,Georgia,9764 Center Hill,2018-05-19,64942-0819,2018-06-23,Second Class,Air,31416,americanexpress,2.37E+15,Good,2
1548,Zoomzone,849-99-5803,4407,Pontiac,Grand Prix,Aquamarine,1962,84346.31473,1,0.63,0555-0767,Austin Milillo,Male,Systems Administrator I,562-759-5187,amilillo9i@ycombinator.com,Long Beach,United States,California,5 Bobwhite Crossing,2018-05-19,68327-030,2018-06-23,Standard Class,Truck,90847,jcb,4.03E+15,Okay,2
3258,Podcat,803-15-9847,4988,Volkswagen,Corrado,Aquamarine,1993,94088.89105,2,0.69,36987-2515,Jon Alvar,Male,Registered Nurse,513-534-2151,jalvarli@amazonaws.com,Cincinnati,United States,Ohio,89343 Merrick Pass,2018-05-20,42808-300,2018-06-24,First Class,Truck,45213,americanexpress,1.95E+15,Okay,2
2935,Trilith,875-19-0318,4124,Mitsubishi,Starion,Yellow,1987,85792.14475,2,0.66,52642-006,Petra Joliffe,Female,Human Resources Manager,770-809-0562,pjoliffe6k@cafepress.com,Atlanta,United States,Georgia,8738 Schmedeman Way,2018-05-20,51514-0304,2018-06-24,First Class,Truck,30340,maestro,3.62E+15,Very Bad,2
2844,Zoonder,890-59-0335,4405,Ferrari,612 Scaglietti,Turquoise,2009,75433.7141,1,0.59,54838-144,Misha Schrader,Female,Financial Analyst,901-136-7802,mschrader8w@reference.com,Memphis,United States,Tennessee,0 Rieder Terrace,2018-05-22,54057-682,2018-06-26,Standard Class,Truck,38168,jcb,2.06E+15,Good,2
3428,Quimm,109-63-3941,4335,Subaru,Justy,Puce,1990,69577.32588,2,0.59,49288-0326,Neddie Pedder,Male,Senior Editor,971-869-1575,npeddernp@nps.gov,Portland,United States,Oregon,04358 Pleasure Park,2018-04-17,55111-341,2018-04-24,Second Class,Air,97271,mastercard,1.59E+15,Very Bad,2
2920,Thoughtsphere,708-10-7891,3600,Ford,Aspire,Orange,1996,75645.03005,2,0.52,53603-1006,Gonzales Shoard,Male,Community Outreach Specialist,915-824-4121,gshoard4v@example.com,El Paso,United States,Texas,6 Anthes Avenue,2018-04-17,0220-9322,2018-05-22,First Class,Air,88558,mastercard,2.39E+15,Okay,2
3914,Realpoint,569-81-2051,4023,Scion,iQ,Goldenrod,2012,72362.2136,1,0.51,0498-0401,Gar Vernall,Male,Assistant Media Planner,724-342-7649,gvernallfj@nps.gov,New Castle,United States,Pennsylvania,4012 Mesta Avenue,2018-04-18,49349-334,2018-05-23,First Class,Truck,16107,switch,1.84E+15,Good,2
2922,Zoomcast,709-19-1132,4189,Ford,F150,Indigo,2004,88685.53498,1,0.7,61722-160,Suzette Danzelman,Female,Computer Systems Analyst III,571-477-5661,sdanzelman7v@mlb.com,Arlington,United States,Virginia,465 Laurel Trail,2018-04-18,76340-4001,2018-05-23,Second Class,Truck,22244,jcb,3.68E+15,Very Good,2
2413,Shufflebeat,109-67-3198,4150,Ford,Mustang,Yellow,1987,96926.6713,1,0.65,58232-0024,Etienne Domnin,Male,Legal Assistant,847-452-6143,edomninii@rambler.ru,Chicago,United States,Illinois,20 Forest Dale Point,2018-04-18,36987-1208,2018-10-05,First Class,Air,60646,jcb,3.73E+15,Very Bad,2
1781,Thoughtbeat,645-30-1824,4172,Ford,Explorer Sport,Mauv,2001,91774.00488,1,0.66,76328-333,Hayward Audry,Male,Programmer Analyst III,646-450-7927,haudryq5@shinystat.com,New York City,United States,New York,2 Forster Avenue,2018-04-18,52125-877,2018-04-21,Second Class,Truck,10110,jcb,3.36E+15,Very Good,2
2738,Divape,162-95-2640,3604,Hyundai,Sonata,Orange,1999,84157.3151,1,0.67,68472-081,Diana Scruby,Female,Occupational Therapist,850-773-0823,dscrubyqw@dmoz.org,Pensacola,United States,Florida,04 Roxbury Circle,2018-04-19,0591-5882,2018-04-30,First Class,Truck,32505,mastercard,1.51E+15,Very Good,2
1296,Abatz,661-45-6777,3531,Mercury,Grand Marquis,Yellow,1989,86129.86123,2,0.57,56149-001,Kizzee MacGregor,Female,Cost Accountant,713-912-6223,kmacgregorci@umn.edu,Houston,United States,Texas,88268 Eastwood Trail,2018-04-19,65342-1007,2018-05-26,Standard Class,Air,77234,jcb,4.77E+15,Okay,2
1569,Skinix,111-84-2828,4557,Toyota,Matrix,Turquoise,2011,81358.0679,2,0.57,65044-6693,Rafaelia Grzeskowski,Female,Research Associate,724-985-3190,rgrzeskowski4c@europa.eu,Pittsburgh,United States,Pennsylvania,05821 Bunker Hill Trail,2018-04-19,59062-1381,2018-05-24,Second Class,Air,15235,visa-electron,3.81E+15,Good,2
1023,Fiveclub,719-53-5670,4192,Lexus,ES,Blue,2002,91414.12848,2,0.59,0185-0128,My Leneve,Male,Design Engineer,316-400-2858,mlenevef2@spotify.com,Wichita,United States,Kansas,4 Jana Road,2018-04-20,62037-938,2018-05-25,Standard Class,Air,67220,jcb,3.56E+15,Okay,2
3378,Voonix,543-42-8435,4711,Toyota,Sequoia,Green,2008,72582.10223,1,0.69,50268-452,Michelle McLagain,Female,Human Resources Assistant IV,904-531-8925,mmclagain2y@woothemes.com,Jacksonville,United States,Florida,32978 Grayhawk Pass,2018-04-20,0270-0149,2018-05-25,Same Day,Truck,32236,jcb,4.65E+15,Bad,2
3338,Vipe,401-62-7882,3804,Mitsubishi,Mighty Max,Khaki,1992,77473.4829,2,0.6,42957-001,Barny Ferentz,Male,VP Accounting,509-846-6734,bferentzkl@census.gov,Spokane,United States,Washington,53830 Bartillon Place,2018-04-21,49967-715,2018-05-26,First Class,Truck,99220,laser,2.67E+15,Okay,2
1134,Jaxworks,804-98-8936,4668,Oldsmobile,Intrigue,Purple,2000,95762.83048,1,0.64,63187-009,Jefferey Tourle,Male,Chief Design Engineer,574-268-5872,jtourlelj@comcast.net,South Bend,United States,Indiana,8 La Follette Crossing,2018-04-22,50845-0046,2018-05-14,Same Day,Air,46620,jcb,2.42E+15,Very Good,2
3470,Youspan,867-74-3976,3629,GMC,Acadia,Maroon,2010,78887.52463,2,0.52,47335-203,Kahaleel Rosengart,Male,Accountant IV,509-921-1228,krosengart3m@examiner.com,Spokane,United States,Washington,11 Stoughton Lane,2018-04-22,67544-023,2018-05-30,First Class,Truck,99205,china-unionpay,3.02E+15,Okay,2
1720,Riffpath,688-69-2823,4647,Jaguar,X-Type,Khaki,2005,70757.60825,2,0.62,53247-330,Maggi Bibby,Female,Web Designer I,850-688-8218,mbibbykk@dagondesign.com,Panama City,United States,Florida,17798 Prentice Court,2018-04-22,0078-0592,2018-05-27,First Class,Air,32405,jcb,2.94E+15,Bad,2
2380,Vipe,723-83-8372,3637,Honda,Pilot,Mauv,2010,72660.53683,1,0.53,21695-835,Nellie Lockier,Female,Senior Editor,775-563-8351,nlockier39@tamu.edu,Reno,United States,Nevada,26 Lillian Court,2018-04-23,41250-318,2018-10-06,Standard Class,Air,89510,switch,4.71E+15,Okay,2
3985,Innotype,682-59-2419,3906,Ford,Windstar,Indigo,2001,80997.14558,1,0.64,49817-1992,Delmer Trinke,Male,Nuclear Power Engineer,804-525-6457,dtrinkeba@vimeo.com,Richmond,United States,Virginia,641 Sullivan Pass,2018-04-24,42254-305,2018-05-30,First Class,Air,23237,bankcard,3.44E+15,Very Bad,2
1462,Youfeed,712-07-8073,4060,Mazda,Protege,Orange,2002,92734.51593,2,0.62,59535-1041,Fax Terrill,Male,Staff Scientist,626-622-9124,fterrillqz@time.com,Pasadena,United States,California,75278 Texas Street,2018-04-24,68180-517,2018-07-06,First Class,Truck,91131,maestro,4.40E+15,Very Bad,2
3104,Realbuzz,181-16-5414,4943,Nissan,Murano,Goldenrod,2009,71585.6876,2,0.67,60505-3673,Hillie Minister,Male,Human Resources Assistant IV,901-929-9508,hministerpq@apache.org,Memphis,United States,Tennessee,4624 Menomonie Center,2018-04-24,69097-151,2018-11-05,Standard Class,Air,38143,diners-club-enroute,1.79E+15,Bad,2
1283,Fadeo,541-50-1247,4096,Ford,Escape,Fuscia,2009,86775.1383,1,0.57,63629-1671,Koral Foy,Female,Research Nurse,512-914-9456,kfoyq6@nbcnews.com,Austin,United States,Texas,27092 Susan Avenue,2018-04-24,68462-296,2018-07-05,First Class,Air,78769,instapayment,4.61E+15,Bad,2
1135,Quimba,676-34-4117,3767,Mercedes-Benz,E-Class,Puce,1985,91421.16648,1,0.5,66993-902,Kennan Tumbelty,Male,Environmental Tech,202-494-5125,ktumbeltydi@com.com,Washington,United States,District of Columbia,74 Cordelia Road,2018-04-24,76436-204,2018-05-29,Second Class,Air,20530,switch,3.02E+15,Okay,2
2789,Kayveo,849-83-6706,4849,GMC,Yukon XL 2500,Crimson,2003,73777.46743,1,0.56,59262-259,Josey Pargetter,Female,Statistician III,602-375-6375,jpargetter4h@ted.com,Phoenix,United States,Arizona,61 Trailsway Park,2018-04-25,11822-0413,2018-05-17,Standard Class,Truck,85053,jcb,3.58E+15,Good,2
2366,Oozz,213-92-7831,4244,Nissan,Sentra,Turquoise,2003,77169.29468,2,0.66,21695-146,Esmeralda Prodrick,Female,Help Desk Operator,336-225-2671,eprodrickn4@cafepress.com,Winston Salem,United States,North Carolina,63196 Erie Point,2018-04-25,35356-765,2018-06-13,First Class,Air,27110,diners-club-enroute,2.29E+15,Bad,2
3316,Muxo,765-65-1142,3625,Suzuki,Vitara,Teal,2002,88963.70215,1,0.5,44523-450,Eveline McKirdy,Female,Electrical Engineer,501-853-3771,emckirdyfv@who.int,Little Rock,United States,Arkansas,7 Ridgeway Center,2018-04-26,49967-206,2018-05-31,First Class,Air,72231,diners-club-carte-blanche,4.23E+15,Very Good,2
2819,Zazio,699-20-4385,4191,Cadillac,Seville,Maroon,2004,86151.82565,2,0.69,0185-0157,Hymie Swyndley,Male,Senior Cost Accountant,917-422-3564,hswyndley2a@photobucket.com,Brooklyn,United States,New York,3 Del Sol Way,2018-04-26,51514-0333,2018-05-31,Second Class,Air,11236,jcb,1.62E+15,Very Bad,2
2761,Gabcube,455-91-1610,4901,Dodge,Durango,Goldenrod,2006,89427.1349,2,0.7,61667-001,Penny Stoter,Male,Food Chemist,810-994-0269,pstoter5h@reuters.com,Flint,United States,Michigan,90 Mayer Parkway,2018-04-26,43353-538,2018-05-31,Same Day,Truck,48550,americanexpress,4.21E+15,Good,2
2203,Babbleblab,850-08-6675,4537,Saab,09-May,Aquamarine,2011,73944.32668,1,0.57,61699-4888,Gael Yurov,Female,Business Systems Development Analyst,702-781-1307,gyurove8@cmu.edu,North Las Vegas,United States,Nevada,5584 Russell Road,2018-04-27,64720-321,2018-06-16,Same Day,Air,89036,jcb,2.41E+15,Very Bad,2
3817,Jamia,490-90-1388,4931,Volkswagen,GTI,Fuscia,2011,73575.3693,1,0.69,54838-551,Kenton Secrett,Male,Food Chemist,504-553-8625,ksecrettja@woothemes.com,New Orleans,United States,Louisiana,4046 Moose Circle,2018-04-27,33261-810,2018-04-30,First Class,Truck,70154,jcb,1.28E+15,Very Good,2
3983,Topdrive,383-56-0356,4870,GMC,Sierra 1500,Violet,2008,89066.45695,2,0.54,55154-5880,Helyn Hedden,Female,Staff Scientist,615-371-5576,hheddenjy@mapquest.com,Murfreesboro,United States,Tennessee,263 Bunker Hill Plaza,2018-04-27,51079-375,2018-04-29,Second Class,Truck,37131,mastercard,2.16E+15,Very Good,2
2363,Yodoo,623-55-7805,4796,Honda,Ridgeline,Blue,2007,83157.65518,1,0.64,43742-0185,Bailie GiacobbiniJacob,Male,Assistant Manager,405-228-7153,bgiacobbinijacobie@linkedin.com,Oklahoma City,United States,Oklahoma,303 Sunfield Pass,2018-04-27,0093-0132,2018-06-06,First Class,Air,73104,visa,4.80E+15,Good,2
1487,Livetube,527-99-2547,4969,Toyota,Prius,Purple,2003,93601.73438,2,0.63,50036-571,Harrietta Fealey,Female,Help Desk Technician,804-947-0692,hfealey3l@phpbb.com,Richmond,United States,Virginia,90 Monument Parkway,2018-04-28,0096-0738,2018-05-29,Second Class,Truck,23213,jcb,4.63E+15,Good,2
2469,Meejo,429-99-0447,4712,Mazda,Miata MX-5,Maroon,2002,72362.6828,1,0.6,37808-351,Jocelyn Tatlock,Female,Compensation Analyst,917-172-2218,jtatlockf8@scientificamerican.com,New York City,United States,New York,1937 International Road,2018-04-04,0113-2476,2018-07-05,Same Day,Truck,10155,jcb,2.82E+15,Good,2
2025,Edgepulse,392-60-3873,4144,Lexus,GS,Fuscia,2007,84495.5301,2,0.6,59088-864,Chevalier Domenico,Male,Civil Engineer,312-708-1629,cdomenicoj3@omniture.com,Chicago,United States,Illinois,41981 Commercial Hill,2018-04-04,10578-004,2018-04-28,Standard Class,Air,60619,jcb,2.35E+15,Good,2
2102,Twinte,102-38-8721,4641,GMC,Acadia,Goldenrod,2007,92184.21275,2,0.58,67386-421,Carter Ingamells,Male,Programmer I,415-588-2673,cingamellsc2@desdev.cn,San Francisco,United States,California,4915 Truax Place,2018-04-04,30142-008,2018-07-05,Same Day,Air,94110,jcb,3.35E+15,Very Good,2
1800,Kare,738-05-0868,4737,Suzuki,Kizashi,Red,2011,70869.4147,2,0.6,41520-873,Norine Harris,Female,Assistant Professor,407-911-1873,nharrisfe@house.gov,Orlando,United States,Florida,434 Raven Center,2018-04-04,37808-431,2018-05-23,Second Class,Air,32835,maestro,2.78E+15,Bad,2
2910,Skiptube,383-42-7807,3883,Lexus,LX,Yellow,2009,80073.6329,2,0.63,65862-697,Lannie Bilbery,Male,Structural Engineer,907-597-0285,lbilberynx@pen.io,Anchorage,United States,Alaska,1285 Algoma Avenue,2018-04-04,51991-793,2018-07-05,Standard Class,Air,99507,jcb,1.83E+15,Very Bad,2
3643,Zooxo,185-82-6741,4006,Mercedes-Benz,SL-Class,Blue,2000,70735.1844,2,0.61,64980-183,Winna Heber,Female,Automation Specialist IV,816-693-0309,wheber1x@twitter.com,Kansas City,United States,Missouri,43 Hanson Street,2018-04-04,0054-0254,2018-08-05,First Class,Air,64136,china-unionpay,1.98E+15,Very Good,2